customer.id,customer.name,age,gender
1,Rick Hill,45,male
2,Don Baum,35,male
3,Thomas Anderson,47,male
4,Douglas Gaffney,42,male
5,Crystal Auten,33,female
6,John Canty,43,male
7,Pauline Mullan,45,female
8,Edward Hall,36,male
9,Ebony Blackburn,48,female
10,Jessica Ferguson,46,female
11,Gwendolyn Hobbins,40,female
12,William Madden,42,male
13,Emil Smith,54,male
14,Lisa Osmer,47,female
15,Amy Brackenridge,50,female
16,Wendy Willis,44,female
17,Damian Hewitt,46,male
18,Howard Slade,41,male
19,Tonya Raspberry,42,female
20,Jeffrey Orzell,49,male
21,Adrienne Hinson,43,female
22,Peter Kendall,52,male
23,Carlos Allen,37,male
24,Shawn Roten,44,male
25,Sybil Gray,54,female
26,Ellen Pharr,49,female
27,Dorothy Rusk,43,female
28,David Strohl,46,male
29,Johnny Cathey,50,male
30,Terrance Robertson,37,male
31,Scott Romano,40,male
32,Joseph Lino,41,male
33,Rolando Winstead,44,male
34,Paula Greany,45,female
35,Arthur Charles,38,male
36,Viva Evitt,52,female
37,Timothy Herstad,54,male
38,Terry Allen,49,female
39,Harry Brainard,53,male
40,Lee Camille,40,female
41,Vilma Gorman,53,female
42,Myrna Cameron,45,female
43,Joe Tejada,36,male
44,Joyce Egnew,43,female
45,John Willner,39,male
46,Tammy Waterfall,53,female
47,Sylvia Almand,52,female
48,Courtney Mcalister,49,female
49,Carrie Lipe,52,female
50,Rose Holmes,47,female
51,Leslie Nadeau,44,female
52,Kristin Weatherall,44,female
53,Joelle Leggett,46,female
54,Leslie Pucci,45,male
55,Marla Oberholtzer,48,female
56,Marlene Davis,54,female
57,Albert Thomas,49,male
58,Rick Caminero,43,male
59,Jason Reese,49,male
60,Jeffrey Lien,43,male
61,Jeffrey Jude,45,male
62,Virginia Rapp,43,female
63,Angela Torres,33,female
64,David Prevatte,47,male
65,Evelyn Letchworth,41,female
66,Philip Woodhams,46,male
67,Joanna Meis,37,female
68,David Dale,40,male
69,Susan Perkins,56,female
70,James Moody,41,male
71,Jan Catledge,47,female
72,Christopher Ashton,47,male
73,Michael Burnett,46,male
74,Jeffrey Cormany,47,male
75,William Sampson,43,male
76,Lan Amberg,41,female
77,Edward White,42,male
78,Billy Coons,55,male
79,Susan Benton,31,female
80,Stan Lopez,45,male
81,Jamie Ragsdale,45,male
82,Crystal Valeri,40,female
83,Michelle Savage,35,female
84,Elise Pike,46,female
85,James Roberts,41,male
86,Nicole Johnson,46,female
87,Hilton Beavers,40,male
88,Albert Field,37,male
89,Jeffrey Docken,39,male
90,Michael Belizaire,39,male
91,Virginia Williams,55,female
92,Linda Puglia,45,female
93,Tony Guerrero,44,male
94,Stacie Hayes,46,female
95,Scott Mathis,40,male
96,Ashley Ewing,50,male
97,Josephine Durisseau,44,female
98,Deborah Overton,37,female
99,Charlene Martin,53,female
100,Jack Alexander,49,male
101,Cara Robbins,41,female
102,Arthur Edgar,37,male
103,Rose Wilson,38,female
104,Andy Cohran,50,male
105,Gary Taylor,56,male
106,Diana Lyons,40,female
107,Rhonda Smith,46,female
108,Wayne Soileau,39,male
109,George Watts,44,male
110,Alejandro Mason,45,male
111,Ethel Seabrook,49,female
112,Mary Carver,44,female
113,Margaret Patel,50,female
114,Jeffery Gordon,44,male
115,Kristen Stiff,50,female
116,Phillip Hardy,59,male
117,Harold Flowers,39,male
118,Bradley Hosking,46,male
119,Roberta Lawless,48,female
120,Alexandra Trela,39,female
121,Charles Lepine,41,male
122,Abby Irwin,50,female
123,Carole Kahler,43,female
124,Ralph Richardson,42,male
125,Ronald Jones,55,male
126,Charles Keena,41,male
127,Dorothy Betance,54,female
128,Michael Stark,41,male
129,Katie Dunnam,37,female
130,Ryan Ramirez,42,male
131,Roderick Owens,52,male
132,Olive Lietzke,51,female
133,Jeffrey Bichler,44,male
134,Dorothy Warnke,48,female
135,John Gayhart,46,male
136,Francis Gleason,37,male
137,Earl Hughes,45,male
138,Kurt Smalley,52,male
139,Aaron Ryan,48,male
140,William Barron,53,male
141,Betty Mcgrew,51,female
142,Morris Murph,41,male
143,Georgina Glass,43,female
144,Doris Wise,40,female
145,Norman Sawyer,55,female
146,Thomas Beverly,51,male
147,Maggie Hoffman,50,female
148,Amber Breitenstein,52,female
149,Jefferson Losoya,49,male
150,Viviana Macias,40,female
151,Frederick Galvan,56,male
152,Blake Sadan,45,male
153,Elsa Mitchell,43,female
154,Tina Somerville,44,female
155,Jesse Martinez,43,male
156,Randy Saxman,43,male
157,Louise Mayberry,37,female
158,Kathleen King,41,female
159,Benito Peters,45,male
160,Tom Calabrese,52,male
161,Carol Perry,44,female
162,Robert Romano,54,male
163,Shane Bethea,44,male
164,Sharon Papay,47,female
165,Sandra Giguere,51,female
166,Paul Jasso,48,male
167,William Simoneau,40,male
168,Virgil Card,44,male
169,Timothy Baker,49,male
170,Adan Hernandez,48,male
171,Jeffrey Burris,42,male
172,Claudine Soria,46,female
173,Rosie Spencer,41,female
174,Elizabeth Kuykendall,52,female
175,Marcus Hinson,53,male
176,Todd Wallace,42,male
177,Barbara Price,45,female
178,Sarah Shirah,47,female
179,Benjamin Voss,51,male
180,Laura Lieber,43,female
181,Blake Johnson,53,male
182,Karen Sanders,42,female
183,James Mccarthy,39,male
184,Ramonita Roberts,39,female
185,Elizabeth Quackenbush,45,female
186,Stephen Piccoli,62,male
187,Bonnie Walraven,44,female
188,Patrick Crissler,41,male
189,Scott Moye,42,male
190,Richard Mann,38,male
191,Cindy Sergio,38,female
192,Billy Gibson,36,male
193,Barbara Creighton,46,female
194,Jason Jacobs,51,male
195,Phyllis Mason,48,female
196,Herbert Lopez,55,male
197,Kelli Laughman,33,female
198,Anthony Sammons,44,male
199,Michael Gravel,39,male
200,Samantha Mayer,41,female
201,Michael Hughes,44,male
202,Sally Berryman,48,female
203,Barbara Moye,39,female
204,Cecilia Eubanks,47,female
205,Maurice Wilkinson,44,male
206,Henry Sanchez,50,male
207,Vickie Amelung,40,female
208,Jennifer Trinkle,45,female
209,Michael Gamble,49,male
210,Lionel Johnson,40,male
211,Bobbie Vidal,49,female
212,Donald Turner,48,male
213,James Mooney,42,male
214,Randall Winter,44,male
215,Julie Applebee,43,female
216,Matthew Maldonado,40,male
217,James Smith,42,male
218,Ashley Crawford,43,female
219,Ronald Gonzalez,41,male
220,Joseph Mosholder,40,male
221,Brian Smith,48,male
222,Robert Hall,49,male
223,Juan Vessell,42,male
224,Richard Neubauer,43,male
225,Jeremy Garcia,56,male
226,Eric Briggs,45,male
227,Sam Mcgaha,49,male
228,Angelica Hammond,45,female
229,Dora Lynch,48,female
230,Lori Pyle,45,female
231,Ricardo Schamp,46,male
232,Deborah Thorne,46,female
233,Leticia Ledoux,42,female
234,Rose Krause,44,female
235,Dennis Blaser,45,male
236,Charles Mixon,45,male
237,Rosalyn Lacher,43,female
238,Tiffani Hernandez,44,female
239,Melissa Jackson,42,female
240,Robert Martinez,42,male
241,Joan Hughes,43,female
242,Cesar Spicer,52,male
243,Marsha Mardis,40,female
244,Richard Bivins,54,male
245,Lisa Penny,41,female
246,Nannie Little,40,female
247,Allen Engelking,46,male
248,Michael Carpenter,46,male
249,Jacqueline Miyamoto,49,female
250,Jean Pedersen,50,female
251,Alma Birkey,34,female
252,Dorothy Rice,43,female
253,Deborah Pryor,36,female
254,Michael Brown,46,male
255,Rodney Brooks,39,male
256,Lillie Parrish,40,female
257,Mae Phillips,46,female
258,Robert Stevens,56,male
259,Lorraine Wynn,42,female
260,Stanley Anderson,45,male
261,Heather Valdes,43,female
262,Francis Douglas,42,female
263,Leonard Vazquez,40,male
264,Carmen Phillip,47,female
265,Moises Fraser,51,male
266,Joel Christ,56,male
267,Mary Gardner,41,female
268,Timothy Franks,44,male
269,Heather Hayek,49,female
270,James Barrett,45,male
271,Carol Farmer,38,female
272,Maria Richardson,38,female
273,Pamela Petty,51,female
274,Grace Cowart,42,female
275,Chester Wiley,44,male
276,Nicole Roden,39,female
277,Christina Thompson,48,female
278,Jessie Gardner,45,female
279,Diann Rapp,49,female
280,Edwin Guidry,39,male
281,Christopher Langford,47,male
282,Joshua Tipton,59,male
283,Francis Eldridge,49,male
284,Eddie Padilla,41,male
285,Kathy Becerra,40,female
286,Gwen Swedlund,40,female
287,Lillian Jennings,42,female
288,Steven Snider,41,male
289,Edward Boes,52,male
290,Gary Miller,40,male
291,Nancy Meyers,43,female
292,Marjorie Kittleson,45,female
293,Clifford Reed,41,male
294,Anthony Gonzales,47,male
295,Annie Dunkley,37,female
296,William Leaming,42,male
297,David Valliere,43,male
298,Brett Holifield,43,male
299,Charlie Parker,47,male
300,Joseph Morrison,50,male
301,Carol Silva,49,female
302,Cynthia Hallmark,37,female
303,Loree Willison,45,female
304,Steven Garcia,43,male
305,Kenneth Delrosario,43,male
306,Ronny Daniels,49,male
307,Janet Clark,46,female
308,Jayne Castor,45,female
309,Joel Moore,51,male
310,Micheal Jefferson,43,male
311,Gary Cough,46,male
312,Elton Forker,42,male
313,Louise Mcpherson,36,female
314,Delores Noriega,38,female
315,Eric Andrews,43,male
316,William Clifton,46,male
317,Nancy Wade,45,female
318,John Simmons,45,male
319,Rose Russell,36,female
320,Virginia Pagan,42,female
321,Diego Morris,48,male
322,Wilford Whitaker,40,male
323,Diana Crutcher,45,female
324,Robert Mikel,50,male
325,Joshua Arnold,46,male
326,Harriet Johnson,43,female
327,Stephanie Watkins,40,female
328,Esther Wallace,49,female
329,Christina Aoki,47,female
330,Theodore Yancey,41,male
331,Richard Montford,49,male
332,Donald Tolan,43,male
333,Joseph Bonner,37,male
334,James Wethje,46,male
335,Terry Becerra,47,female
336,Thomas Hattley,44,male
337,Lela Williams,51,female
338,Jeffrey Anderson,53,male
339,Carol Muzzarelli,42,female
340,Demetria Acker,42,female
341,Naomi Shelton,34,female
342,Robert Platt,46,male
343,Donna Coleman,44,female
344,Thomas Jun,52,male
345,Johanna Salinas,48,female
346,Florence Harmon,50,female
347,Margene Behrens,46,female
348,Michael Winter,50,male
349,Clarence Turner,50,male
350,Debbie Eggleston,47,female
351,Yvonne Flores,38,female
352,Jeffrey Labree,45,male
353,Thora Calton,48,female
354,Jonathon Miller,52,male
355,Harold Ludgate,50,male
356,Manuel Pearson,51,male
357,Christopher Coutts,43,male
358,Stephen Tremblay,46,male
359,Lorraine Lane,53,female
360,Sharon Reilly,57,female
361,Deborah Choi,51,female
362,Chad Sneed,51,male
363,Julie Hoffmann,54,female
364,Gail Prieto,56,female
365,Harold Shavers,43,male
366,William Manus,52,male
367,Ernesto Ball,40,male
368,Doreen Peterson,40,female
369,Ronnie Overturf,47,male
370,Darius Luther,40,male
371,Ryan Hicks,35,male
372,Johnnie Krouse,46,male
373,Travis Smith,32,male
374,Leslie Haaf,50,male
375,Thomas Orchard,45,male
376,Roberta Forcello,45,female
377,Russell Hajdas,43,male
378,Renee Grandfield,49,female
379,Deandre Fenwick,44,male
380,Shawn Watson,37,male
381,Melissa Lee,33,female
382,Crystal Lowery,44,female
383,Allegra Branscum,49,female
384,Robert Childress,42,male
385,Scott Teasley,52,male
386,Harry Spaur,46,male
387,Victoria Colston,39,female
388,Richard Lucio,49,male
389,Donald Thompson,45,male
390,Brenda Bennett,42,female
391,Renee Mitchell,48,female
392,John Castano,39,male
393,Bryan Brown,45,male
394,Rachel Owen,44,female
395,Harvey Rocha,50,male
396,Tammy Bond,51,female
397,Damien Slough,42,male
398,Clarence Storer,46,male
399,Martha Halpern,51,female
400,Karen Eagan,35,female
401,Janet Georgi,46,female
402,Jaime Koral,48,male
403,Aaron Bolen,47,male
404,Joy Healy,37,female
405,Elizabeth Torrez,38,female
406,Edward Jimenez,44,male
407,Candis Bouchard,43,female
408,Dwight Vayner,47,male
409,Walter Naughton,44,male
410,Virginia Belisle,48,female
411,Lewis Edwards,50,male
412,Edna Chapman,38,female
413,Scott Smith,40,male
414,Mary Perez,42,female
415,Eugene Harten,48,male
416,Bob Steffan,41,male
417,James Carter,42,male
418,Larry Wallace,39,male
419,Sarah Smith,54,female
420,Ira Stevens,41,male
421,Andrew Martinez,44,male
422,Andrea Carnahan,53,female
423,Cinderella Shaver,46,female
424,Barbara Getzschman,38,female
425,Juan Davis,44,male
426,Clyde Terwilliger,47,male
427,John Whitley,41,male
428,Thelma Koch,46,female
429,Tracy Ingram,38,female
430,Nick Sandhu,43,male
431,Brian Ammerman,40,male
432,Joey Wilson,48,male
433,Erica Volk,51,female
434,Sandra Henry,37,female
435,Frank Jackson,48,male
436,Scott Perkins,41,male
437,Kevin Caroll,59,male
438,Rebecca Connolly,42,female
439,Colleen Reeves,41,female
440,Joel Mcgill,45,male
441,Howard Washington,38,male
442,Irene Alvarez,38,female
443,Kathleen Foster,48,female
444,Kevin Campos,47,male
445,Bernard White,36,male
446,Carol Day,47,female
447,Eric Bradley,45,male
448,Virginia Heasley,40,female
449,Michael Oles,43,male
450,Clayton Fiedler,42,male
451,Elaine Ruzich,51,female
452,Teri Santiago,51,female
453,Robert Reeves,45,male
454,Tanya Bilsborough,45,female
455,Deborah Boone,54,female
456,Roland Liu,41,male
457,Robert Mcdevitt,49,male
458,Scarlett Saunders,50,female
459,Susana Petrella,55,female
460,Vilma Hernandez,43,female
461,Ryan Cozzolino,44,male
462,Helen Worthy,42,female
463,Donovan Obryan,59,male
464,Elizabeth Kreisler,41,female
465,Eva Fote,54,female
466,Sean Cook,45,male
467,Donn Beard,43,male
468,Charlotte Motil,31,female
469,Joseph Stewart,43,male
470,Leo Ehlert,45,male
471,Patricia Kretchmar,50,female
472,Norman Sandoval,49,male
473,Reba Jones,40,female
474,Shad Brown,35,male
475,Marilyn Mishou,37,female
476,Bill Haas,40,male
477,Iva Stuble,37,female
478,Susan Reyna,47,female
479,Ralph Cabral,50,male
480,Earnestine Salas,42,female
481,Ethel Perez,45,female
482,Lisa Starr,40,female
483,Brandon Gustaveson,50,male
484,Polly Merritt,44,female
485,Lee Gabbert,37,female
486,Cassandra Skinner,43,female
487,Kristi Todd,44,female
488,Dorothy Martinez,41,female
489,Roger Austin,44,male
490,Nell Nagel,45,female
491,Ellen Horstmann,52,female
492,Buddy Hermes,43,male
493,Raquel Bell,44,female
494,John Moeller,50,male
495,James Smith,47,male
496,Blake Epperson,51,male
497,Margie Kimmer,42,female
498,Jackie Emerson,63,male
499,Beth Bivens,45,female
500,Charles Boshard,45,male
501,Latoya Thibodeau,43,female
502,Paul Limmel,45,male
503,Brandon High,44,male
504,Justin Kinde,46,male
505,Gregory King,50,male
506,Dorothy Bowens,37,female
507,Kristina Major,43,female
508,Anjanette Hays,45,female
509,Tanisha Ziadie,44,female
510,Scott Stern,47,male
511,Elliott Sanders,48,male
512,Kathryn Williams,50,female
513,Barbara Carlino,44,female
514,Wilton Sherratt,50,male
515,Sylvia Sanders,44,female
516,Amber Packer,56,female
517,Trista Greenleaf,34,female
518,John Delgado,47,male
519,James Hicks,42,male
520,Norma Ball,43,female
521,Fred Frost,45,male
522,Rebecca Rynearson,39,female
523,Rhonda Shaw,49,female
524,Valerie Close,50,female
525,Donald Balde,46,male
526,Melvin Killion,46,male
527,Stanley Romano,46,male
528,Manuel Figueroa,46,male
529,Douglas Medford,43,male
530,Opal Scott,54,female
531,Gladys Young,48,female
532,Mary Dirksen,40,female
533,Wilbert Sanchez,52,male
534,Tricia Dean,44,female
535,Harold Pulsifer,56,male
536,Hattie Graham,47,female
537,Regenia Shepherd,40,female
538,Walter Smith,38,male
539,Tyler Cummings,51,male
540,Steven Smith,55,male
541,John Storie,53,male
542,Luis Romo,51,male
543,Woodrow Howard,40,male
544,Ethan Fred,49,male
545,Clara Powell,47,female
546,Juan Blea,40,male
547,Lavonne Carpenter,48,female
548,Zenaida Birch,48,female
549,Eric Johnson,44,male
550,Anthony Sanchez,48,male
551,Calvin Bliler,50,male
552,Beverly Saeteun,45,female
553,Angela Mullins,46,female
554,Yolanda Valdez,55,female
555,Terry Garner,44,male
556,Tameka Henry,47,female
557,Ann Sobania,46,female
558,Vance Hidinger,46,male
559,Carrie Marmolejo,43,female
560,Gary Vanauken,44,male
561,Betsy Mingle,48,female
562,Maria Schleusner,55,female
563,Carmen Casares,50,female
564,Derek Freyman,42,male
565,Brian Harris,42,male
566,Mary Meyer,45,female
567,Frank Robins,44,male
568,Alfred Laswell,45,male
569,Kellie Warren,42,female
570,Douglas Gardner,51,male
571,Patrick Cianfrini,44,male
572,Brandy Niles,38,female
573,Richard Ballard,41,male
574,Susan Pleasant,42,female
575,Maria Moore,40,female
576,Clara Langer,46,female
577,Autumn Stanley,45,female
578,Tiffani Dubois,42,female
579,Marilyn Hayes,48,female
580,Dan Mader,44,male
581,Chanda Laboy,48,female
582,Michael Uhlman,48,male
583,Ralph Clawson,42,male
584,Jose Davis,53,male
585,Bernardo Daniel,40,male
586,Francis Williams,42,female
587,Marion Moseley,43,male
588,Edgar Gressler,46,male
589,Michael Norris,47,male
590,Gina Nunn,37,female
591,Clair Burger,47,female
592,Philip Pratt,37,male
593,Virginia Patrick,40,female
594,Jeff Crafton,54,male
595,Dorothy Reeves,51,female
596,Pamela Brown,54,female
597,Mark Iniguez,41,male
598,Bernard Vereen,47,male
599,Wendy Bice,44,female
600,Harold Hafele,44,male
601,Antonio Rhoades,44,male
602,Jeffrey Luciano,47,male
603,Ronald Case,44,male
604,Ty Ayala,44,male
605,Eugene Bueckers,47,male
606,Mary Sanots,47,female
607,Daniel Brown,46,male
608,Sondra Munson,44,female
609,Ralph Yono,49,male
610,Eric Preston,47,male
611,Irene Cummings,36,female
612,Zane Nguyen,47,male
613,Brett Robinson,45,male
614,Marvin Vest,36,male
615,Douglas Harshman,48,male
616,Wayne Chaffin,33,male
617,Peter Grant,40,male
618,Corrine Walter,38,female
619,Katherine Faulkner,40,female
620,Justin Cook,51,male
621,Brent Johnson,48,male
622,Angela Knight,35,female
623,Craig Mendoza,47,male
624,Leroy Moncrief,51,male
625,Bianca Hoffman,45,female
626,Kristin Antle,49,female
627,Martin Kleinpeter,44,male
628,Dustin Fisher,40,male
629,Douglas Polhemus,41,male
630,Rosalee Jones,41,female
631,Jennifer Gonsalves,52,female
632,George Hosmer,39,male
633,Garnet Ibarra,55,female
634,Bryan Sidhu,53,male
635,Burton Mack,40,male
636,Evan Erickson,40,male
637,Ruby Williams,49,female
638,Robert Taylor,39,male
639,Jorge Williams,47,male
640,Robert Jackson,41,male
641,Erika Richardson,52,female
642,Adam Day,54,male
643,Jamie Cooper,52,female
644,Maria Ellis,35,female
645,Jean Mccreery,42,female
646,Barry Dube,41,male
647,Rebecca Grimes,46,female
648,Dolores Pritchett,44,female
649,Paul Barrios,47,male
650,Curtis Hunter,44,male
651,Rebecca Turner,44,female
652,Anthony High,38,male
653,Victor Lindahl,43,male
654,Ana Mackey,44,female
655,Marjorie Ratledge,42,female
656,Karen Stratton,46,female
657,Kasey Squines,55,female
658,Karen Durkee,44,female
659,Edward Peterson,46,male
660,Mary Meraz,52,female
661,Joseph Gay,45,male
662,Anita Hall,42,female
663,Eric Jones,49,male
664,Matthew Gjertsen,39,male
665,Dee Cascio,45,female
666,Eva Miller,39,female
667,Henrietta Voskamp,40,female
668,Jeffrey Bobbitt,49,male
669,Roberto Feeney,43,male
670,Kevin Peterson,57,male
671,Gloria Macleod,46,female
672,Edward Smith,45,male
673,Lisa Olney,43,female
674,Elma Aquilina,50,female
675,David Park,55,male
676,Alta Jones,47,female
677,Iris Mccown,41,female
678,Richard Mason,51,male
679,Alex Newton,40,male
680,Richard Hunter,50,male
681,Roberta Urbancic,55,female
682,Barbara Sullivan,40,female
683,Bennie Lawson,39,male
684,Frank Moore,46,male
685,Patrick Morvant,46,male
686,Vera Cameron,40,female
687,Jannie Hamm,36,female
688,Raleigh Burrell,45,male
689,Sara Boling,46,female
690,Sherman Parish,50,male
691,Adam Dunton,45,male
692,Brian Neeley,52,male
693,Morris Templeton,43,male
694,Susan Morris,45,female
695,Robert Ludwig,49,male
696,Timothy Merritt,48,male
697,Hollis Polk,45,male
698,Pat Clayton,48,female
699,Kim Zbinden,47,male
700,Rosa Luna,44,female
701,David Newman,51,male
702,Eleanor Free,46,female
703,Mark Fisher,52,male
704,Eleanor Griffin,41,female
705,Bruce Roberts,43,male
706,Jasper Frentzel,45,male
707,Joshua Natale,37,male
708,David Simmons,40,male
709,Marian Kubie,43,female
710,Brook Long,49,female
711,William Ashley,48,male
712,Robert Henderson,46,male
713,Thelma Hicks,47,female
714,Nora Espericueta,49,female
715,Muriel Mcwhorter,46,female
716,Adeline Sult,49,female
717,Patti Santos,52,female
718,Mamie Barlow,49,female
719,Christina Merritt,47,female
720,Dale Severs,33,male
721,Katherine Wood,48,female
722,Melanie Ousley,39,female
723,William Pam,47,male
724,Charlotte Woodruff,46,female
725,Charles Williams,43,male
726,Erick Dunn,42,male
727,Elsa Whisenant,40,female
728,Arnold Tomlinson,41,male
729,Charles Reagon,49,male
730,Chad Kelley,41,male
731,George Suits,39,male
732,Tracy Cross,48,female
733,Barbara Tindell,43,female
734,Cindy Harris,43,female
735,Cheri Donovan,49,female
736,David Barreto,40,male
737,Normand Marriner,41,male
738,Marla Dobbs,47,female
739,Gregory Swanner,51,male
740,Robert Truman,52,male
741,Frances Wright,43,female
742,James Peck,45,male
743,Peter Kirkpatrick,47,male
744,Michael Canon,52,male
745,Teresa Bernabe,42,female
746,Lester Pontiff,49,male
747,Thomas Maxwell,49,male
748,Donna Kingsley,41,female
749,Irma Murdock,49,female
750,Henry Duong,49,male
751,Katherine Montoya,45,female
752,Maria Taylor,47,female
753,Marie Smith,43,female
754,Paul Metzger,33,male
755,Ryan Seit,50,male
756,Karla Harris,53,female
757,Traci Burmeister,49,female
758,Keisha Ouellette,44,female
759,Sharon Jamison,51,female
760,Elizabeth Braddy,41,female
761,Charles Kisicki,44,male
762,Sherri Hauser,52,female
763,Jonah Fontenot,52,male
764,John Lemieux,49,male
765,Rachel Randolph,45,female
766,Samantha Mcclain,55,female
767,Janice Hancock,43,female
768,Robert Cordero,40,male
769,Deborah Hunt,40,female
770,Andre Storm,40,male
771,Barbara Vale,45,female
772,Edward Fuentes,53,male
773,David Myers,52,male
774,Nancy Schmidtke,45,female
775,Treasa Pickett,55,female
776,Carl Gardner,47,male
777,Theresa Anderson,40,female
778,Kelly Sou,36,male
779,Donna Neubert,48,female
780,Barbara Espinoza,44,female
781,Lori Downing,41,female
782,Shannon Hendrick,46,female
783,Saundra Blazer,44,female
784,Mary Brooks,43,female
785,Sheri Watkins,43,female
786,Deanne Huber,39,female
787,Donald Cloud,46,male
788,Francisco Burrow,43,male
789,Barbara Smythe,42,female
790,Carla Marshall,49,female
791,Alexis Ward,52,male
792,Michael Cameron,41,male
793,Wayne Blanton,36,male
794,Joshua Brice,47,male
795,Joseph Bey,47,male
796,Amanda Woodard,42,female
797,James Evans,46,male
798,Ellen Lancaster,41,female
799,Donald Jensen,43,male
800,Traci Martinez,42,female
801,Alice Baker,38,female
802,Beth South,41,female
803,Lucy Vaness,60,female
804,Rachel Bryan,48,female
805,Amy Cherry,44,female
806,Linda Anderson,41,female
807,Kimberly Spooner,45,female
808,Janine Medina,48,female
809,Rolande Barnes,45,female
810,Marian Burgess,41,female
811,Louise Souter,46,female
812,David Santiago,42,male
813,Kenneth Heath,40,male
814,Israel Jensen,46,male
815,Jason Ward,47,male
816,Timothy Bruce,34,male
817,Lawrence Bugg,48,male
818,Kathryn Wood,40,female
819,Elizabeth Strobeck,48,female
820,Andrew Potter,50,male
821,Dorothy Helmick,44,female
822,Marianne Reynolds,43,female
823,Johnny Rotunda,35,male
824,Sheila Lara,39,female
825,Herman Steiger,46,male
826,Scott Taylor,53,male
827,Marcella Ludlam,40,female
828,Mary Miller,43,female
829,Naomi Ashley,38,female
830,Mary Hauser,40,female
831,Bill Delaney,41,male
832,Kevin Burns,48,male
833,Geraldine Debernardi,50,female
834,Wayne Keh,51,male
835,Carol Smith,45,female
836,Tabitha Laxen,54,female
837,Sharon Sam,33,female
838,Michael Carlyle,41,male
839,Tom Tsang,50,male
840,Francesco Boynton,43,male
841,Susan Gertz,43,female
842,Fred Sherwin,46,male
843,Kathleen Pedley,42,female
844,Leif Soo,51,male
845,Jennifer Perry,54,female
846,Jessie Serrano,52,male
847,Enoch Bough,37,male
848,Vonda Hallinan,44,female
849,Eric Pannell,35,male
850,Christina Felts,48,female
851,Johnny Nine,44,male
852,Cynthia Coon,38,female
853,Kimberly Markham,39,female
854,Linda Mcgrath,44,female
855,Gerald Jones,49,male
856,Kelly Gonzalez,52,female
857,Christopher Langham,47,male
858,Vernita Correira,53,female
859,Dan Shallenberger,37,male
860,Martin Sturtevant,42,male
861,Timothy Lambes,47,male
862,Tanya Horne,37,female
863,Henry Nunez,41,male
864,David Miller,43,male
865,Gillian Robinson,51,female
866,John Long,43,male
867,Jeffery Jackson,45,male
868,Linda Zimmerman,41,female
869,James Hall,44,male
870,Kenneth Hutchins,34,male
871,Sybil Brown,45,female
872,Jack Williams,46,male
873,Patricia Montague,41,female
874,Harvey Fancher,62,male
875,Anthony Pounds,49,male
876,Natalie Chaidez,41,female
877,Richard Arvesen,44,male
878,Joshua Lee,42,male
879,Margarita Sheriff,49,female
880,James Smith,46,male
881,Meridith Miner,35,female
882,Quinn Jones,45,male
883,Lizzie Obenshain,41,female
884,Gregory Chaffin,46,male
885,Helena Johnson,48,female
886,Lena Bateman,40,female
887,Lisa Olson,45,female
888,Lewis Gilkes,40,male
889,Erika Smallwood,54,female
890,Amie Cotter,42,female
891,Ty Posey,51,male
892,Dominic Hamilton,45,male
893,Stephanie Ledet,50,female
894,Shela Mayfield,44,female
895,Catherine Rice,44,female
896,Tony Davis,37,male
897,Sung Price,42,female
898,Layne Rose,40,female
899,Barbara Rush,52,female
900,Joshua Taylor,41,male
901,Stephanie Ramos,40,female
902,Barry Mccarron,37,male
903,Jack Valle,46,male
904,Anna Batters,37,female
905,Sharon Gardner,44,female
906,Maria Correa,46,female
907,Lisa Cates,45,female
908,Renate Murphy,41,female
909,Jennifer Hamilton,41,female
910,Rosa Bosch,44,female
911,Joel Lyons,54,male
912,Robert Miller,60,male
913,Jay Scott,47,male
914,Felix Smith,36,male
915,Alica Matthews,37,female
916,Vernice Carmody,44,female
917,Juan Minor,41,male
918,Donna Cheshire,49,female
919,Chuck Estes,43,male
920,Millicent Fisher,41,female
921,Randall Vantassel,49,male
922,Vera Polland,51,female
923,Norma Parsons,48,female
924,Matthew Huett,52,male
925,Matthew Fain,50,male
926,Adeline Garcia,42,female
927,Peter Fuller,52,male
928,Daniel Castorena,46,male
929,Melody Ray,48,female
930,Edgardo Graves,43,male
931,Kimberly Rockman,47,female
932,Johnny Patridge,44,male
933,Stephen Murrell,46,male
934,Melody Mcclure,48,female
935,Walter Craven,43,male
936,Shauna Kim,50,female
937,June Donald,49,female
938,Albert Savoy,47,male
939,Jessica Rivas,53,female
940,Nikki Roberts,38,female
941,Phyllis Stohlton,43,female
942,Nichole Germain,45,female
943,Jennifer Lantz,41,female
944,Geraldine Perkins,46,female
945,Patricia Henson,41,female
946,Victor Smith,53,male
947,Christine Weiss,54,female
948,Bernard Crews,42,male
949,Frank Anderson,45,male
950,Carlos Jackson,60,male
951,Elizabeth Mcgeever,38,female
952,Thomas Paul,46,male
953,Effie Cantey,47,female
954,Christopher Frazier,43,male
955,Steven Holmes,46,male
956,Bobby Hall,46,male
957,Katlyn Debroux,46,female
958,Jan Plater,41,male
959,Mark Midkiff,42,male
960,Rene Francis,49,male
961,Jeffie Norris,49,female
962,James Johnson,49,male
963,Douglas Baker,47,male
964,Ellen Davis,46,female
965,Corey Keith,51,male
966,Steven Simons,50,male
967,Lisa Rothermel,48,female
968,William Stinnett,41,male
969,William Looft,41,male
970,Jean Donatello,46,female
971,Cheri Gregor,46,female
972,William Wertz,43,male
973,Nolan Wilson,46,male
974,David Salazar,47,male
975,Holly Doane,44,female
976,Blanche Gonzalez,43,female
977,Lee Wiggins,43,male
978,Sandra Soucier,49,female
979,Wayne Collins,45,male
980,Bonnie Kennedy,49,female
981,Dana Vidrine,41,male
982,Herb Welch,41,male
983,Dian Mcarthur,41,female
984,James Fulbright,52,male
985,Aaron Johnson,47,male
986,Mike Perez,51,male
987,Tiffanie Perry,42,female
988,Wayne Kenney,46,male
989,Anna Herbert,51,female
990,Kelly Caskey,50,female
991,Robert Cook,49,male
992,Ying Herring,42,female
993,Eddie Harshman,43,male
994,Virginia Aguinaldo,44,female
995,Robert Teague,42,male
996,Mary Bowen,49,female
997,Iris Mcdowell,49,female
998,Bobby Janus,45,male
999,Joan Blum,35,female
1000,Wilber Walsh,50,male
1001,Robert Pettiway,47,male
1002,Rochelle Scott,45,female
1003,Thomas Dequattro,57,male
1004,Marilyn Fletcher,46,female
1005,Kelvin Minvielle,42,male
1006,Joan Mccoy,48,male
1007,Sherry Spann,56,female
1008,Lois Davidson,45,female
1009,Kimberly Mclamb,39,female
1010,Ollie Ruegg,43,female
1011,Wendell Herrera,46,male
1012,Johnny Oleson,36,male
1013,Vicki Wilson,52,female
1014,Stephanie Dowdy,46,female
1015,Pamela Coston,47,female
1016,Vicki Diaz,54,female
1017,Pauline Cano,46,female
1018,Thomas Antrikin,42,male
1019,Lisa Jimerson,36,female
1020,Sharon Robleto,46,female
1021,Janet Bruce,51,female
1022,Johnny Vincent,54,male
1023,Ronald Dooley,47,male
1024,Andrea Cummings,41,female
1025,Michael Weaver,52,male
1026,Teddy Townsend,36,male
1027,Elsa Freeman,44,female
1028,Michael Sanders,50,male
1029,Bradley Jentzsch,39,male
1030,Ronald Heinz,43,male
1031,Virginia Hill,41,female
1032,Ann Garr,38,female
1033,Morgan Mccray,51,female
1034,Louise Seling,44,female
1035,Christopher Knight,38,male
1036,Corey Langley,47,male
1037,Helen Saville,50,female
1038,Beulah Nelson,47,female
1039,Vonnie Lake,48,female
1040,Randy Espinal,46,male
1041,Enola Lamb,40,female
1042,Mark Trumbo,47,male
1043,Brittany Armitage,45,female
1044,Joyce Reyes,45,female
1045,Harold Wilkes,56,male
1046,William Moehrle,44,male
1047,Daisy Burnett,36,female
1048,Glenn Adcock,47,male
1049,Donald Marquez,44,male
1050,David Mcadory,40,male
1051,Jennifer Betancourt,45,female
1052,Maria Townsend,45,female
1053,David Hensley,50,male
1054,Joel Powell,45,male
1055,Ronald Goulet,41,male
1056,Mary Mendoza,46,female
1057,Paul Coles,48,male
1058,Olga Dix,48,female
1059,Eric Morales,48,male
1060,Darin Cash,44,male
1061,Earl Thornberg,46,male
1062,Christopher Brown,44,male
1063,Cynthia Mccauley,47,female
1064,Clarence Waters,43,male
1065,Gregg Farness,40,male
1066,Johnny Wesolowski,49,male
1067,Harold Leclair,53,male
1068,Nicholas Cordell,47,male
1069,Evangeline Hardeman,49,female
1070,Beverly Honor,43,female
1071,Cecilia Pacitto,33,female
1072,Lewis Weiss,43,male
1073,Ricky James,43,male
1074,Janice Green,53,female
1075,Betty Wood,44,female
1076,Mildred Vandehey,42,female
1077,Jo Mcmillan,41,female
1078,Ollie Cole,49,female
1079,Gertrude Bailey,51,female
1080,Guadalupe Piercy,43,female
1081,Mary Canfield,48,female
1082,Andrea Colantro,45,female
1083,Paula Ellis,50,female
1084,Franklin Munger,40,male
1085,Bill Mccormick,47,male
1086,Rodney Green,46,male
1087,Beth Spencer,43,female
1088,Cynthia Stephenson,42,female
1089,Erika Anderson,41,female
1090,Bradley Finn,48,male
1091,Francis Mondragon,37,male
1092,Melinda Soule,45,female
1093,Gene Prost,52,male
1094,Jared Torres,42,male
1095,Taylor Rein,38,female
1096,Dale Curtis,40,male
1097,Dana Haase,46,male
1098,Gertrude Shields,48,female
1099,Gary Mcclinton,43,male
1100,Theresa Weidler,45,female
1101,Justin Makowski,50,male
1102,Gary Albero,36,male
1103,Donald Vierra,45,male
1104,Adrian Moore,50,male
1105,Sara Buchanan,50,female
1106,John Hyer,50,male
1107,Frederick Welke,45,male
1108,Mary Henry,48,female
1109,Michael Crawford,34,male
1110,Samuel Lane,52,male
1111,Ricky Williams,38,male
1112,Ray Quintero,50,male
1113,Michelle Culley,58,female
1114,Robert Rawlings,55,male
1115,Anthony Korn,44,male
1116,Angeline Wilson,55,female
1117,Preston Rivers,39,male
1118,Marcus Gonzales,39,male
1119,Mary Blakely,45,female
1120,Maria Villarreal,40,female
1121,Ruth Byrum,47,female
1122,Pedro Cherry,56,male
1123,Alisa Gray,38,female
1124,Paul Harris,38,male
1125,Brandon Billings,41,male
1126,Lindsay Watson,42,female
1127,Bonnie Goodie,49,female
1128,James Broberg,41,male
1129,Joe Tetzloff,44,male
1130,John Lawton,50,male
1131,Vernon Belcher,46,male
1132,Carlos Sweeney,52,male
1133,Peter Mount,47,male
1134,Edward Smith,42,male
1135,Edward Luna,43,male
1136,Marie Harris,41,female
1137,Lucia Suddreth,48,female
1138,Mary Lofton,45,female
1139,Ashley Middleton,46,female
1140,Jerry Massey,49,female
1141,Richard Rivera,39,male
1142,Tara Cannon,47,female
1143,Juan Driskill,48,male
1144,Peggy Houle,48,female
1145,Marvin Jones,41,male
1146,Timothy Hough,48,male
1147,Matthew Sandell,47,male
1148,Loren Mieles,43,male
1149,Mary Torres,44,female
1150,Angela Feenstra,53,female
1151,Kayla Pennell,41,female
1152,Tracie Patton,50,female
1153,Marissa Poorman,48,female
1154,Paula Sanders,49,female
1155,John Ruddock,42,male
1156,James Derrico,44,male
1157,Peter Hernandez,46,male
1158,Nelson Moore,47,male
1159,Michael Owens,44,male
1160,Paul Ford,44,male
1161,Michal Aldana,45,female
1162,Thomas Warren,44,male
1163,Harland Rogers,37,male
1164,Shirley Dale,44,female
1165,Paul Perez,48,male
1166,Cecile Bowman,45,female
1167,Rose Rhodes,45,female
1168,Wiley Allen,52,male
1169,Brenda Schlindwein,59,female
1170,Barbara Williams,34,female
1171,Anthony Carrion,50,male
1172,Theresa Samson,40,female
1173,Tony White,41,male
1174,Kristin Young,41,female
1175,Jason Williams,50,male
1176,Lois Gayle,39,female
1177,Patricia Davis,34,female
1178,Steven Davis,46,male
1179,Benny Humphrey,44,male
1180,Wanda Reyes,57,female
1181,Joshua Hernandez,52,male
1182,Eva Rapp,47,female
1183,Christopher Rickett,43,male
1184,Norma Marino,33,female
1185,Beverly Mckenzie,38,female
1186,Louise Rhodes,47,female
1187,Matthew Williams,43,male
1188,Jennie Morales,35,female
1189,David Branscomb,39,male
1190,Leslie Whitaker,47,female
1191,Patricia Harrison,38,female
1192,Maritza Arnold,41,female
1193,Christopher Cathey,48,male
1194,Carmen Storrs,43,female
1195,Dennis Gibney,47,male
1196,Megan Poque,45,female
1197,Adela Steiger,41,female
1198,Joseph Weatherford,41,male
1199,Catherine Hall,42,female
1200,Glen Galbreath,45,male
1201,Kelli Maldonado,35,female
1202,Joseph Savage,47,male
1203,Kellye Ramos,42,female
1204,Dora Sroka,46,female
1205,Andra Clay,38,female
1206,James King,47,male
1207,Joseph Christensen,41,male
1208,Perry Puterbaugh,37,male
1209,Sean Vierra,46,male
1210,Angela Phelps,54,female
1211,Charles Floyd,50,male
1212,Steven Johnson,53,male
1213,Rosendo Durazo,47,male
1214,Brian Daniels,35,male
1215,Dirk Callam,48,male
1216,Daniel Serrano,59,male
1217,Jose Campbell,44,male
1218,Joyce Lusk,49,female
1219,Douglas Braswell,44,male
1220,Alice Williams,49,female
1221,Lester Snyder,48,male
1222,Annie Poitier,40,female
1223,Gregory Canter,43,male
1224,Matthew Clark,39,male
1225,Olga Nelson,42,female
1226,Antonio Montano,48,male
1227,Jorge Tall,48,male
1228,Marie Pace,49,female
1229,Robert Schaefer,46,male
1230,Tyler Ziadie,40,male
1231,Antonio Bryan,46,male
1232,Robert Epps,60,male
1233,Duane Ames,47,male
1234,Nicole Rader,53,female
1235,Richard Powell,45,male
1236,Brent Jenkins,46,male
1237,Rachel Grotts,45,female
1238,Heriberto Francis,53,male
1239,Robert Baker,45,male
1240,William Le,40,male
1241,John Cooper,42,male
1242,Gary Coffelt,37,male
1243,Hong Duncan,45,male
1244,Eric Fletcher,41,male
1245,Rachel Mackinder,48,female
1246,John Sanchez,44,male
1247,Karen Thompson,52,female
1248,Margaret Mitchell,38,female
1249,Kenneth Dancy,51,male
1250,Bernadette Burton,45,female
1251,William Featherstone,45,male
1252,Willard Mitchell,42,male
1253,Clarence Fields,38,male
1254,Ellen Blach,53,female
1255,Paula Lacroix,51,female
1256,Rhonda Rauch,51,female
1257,Elizabeth Rudolph,49,female
1258,Patricia Sweeden,42,female
1259,Lemuel Anderson,44,male
1260,Tanesha Robertson,37,female
1261,Florence Perez,47,female
1262,Floyd Williams,41,male
1263,Mary Dabadie,48,female
1264,Juan Day,56,male
1265,William Fichter,38,male
1266,Edward Spraggins,50,male
1267,Dwight Byron,45,male
1268,Owen Valverde,41,male
1269,Eveline Robie,56,female
1270,Jessica Ortiz,48,female
1271,Jane Snyder,37,female
1272,Jim Bean,38,male
1273,Brad Williams,41,male
1274,Ronald Cervantes,36,male
1275,Tina Riess,58,female
1276,Joshua Gray,51,male
1277,Mary Bouie,38,female
1278,Hattie Pratt,38,female
1279,William Sparrow,44,male
1280,Stephanie Waltman,47,female
1281,Alice Lehrman,37,female
1282,Arthur Bond,48,male
1283,Jonathan Stevens,39,male
1284,Ernest Garrett,44,male
1285,Robert Swindell,47,male
1286,Kirby Banks,33,male
1287,Brenda Rowe,44,female
1288,Andrea Piper,50,female
1289,Diane Vanvalkenbur,48,female
1290,Joe Flor,53,male
1291,Maryann Whirry,43,female
1292,Roslyn Wolcott,52,female
1293,Thomas Dalton,47,male
1294,Derrick Asher,48,male
1295,Maria Higdon,44,female
1296,Regina Cordes,53,female
1297,Shannon Gambrel,46,female
1298,Laura Solis,44,female
1299,Michael Milliren,42,male
1300,Rose Fleming,40,female
1301,Leland Vizcaino,43,male
1302,Paula Mendez,46,female
1303,Frank Dow,39,male
1304,Claire Hammock,50,female
1305,Mark Sinclair,42,male
1306,Walter Henke,51,male
1307,Charles Hamilton,45,male
1308,Salvatore Downs,47,male
1309,Linda Mcfadden,48,female
1310,Calvin Gillis,43,male
1311,Christine Babin,43,female
1312,Nina Allen,39,female
1313,Catherine Stocker,49,female
1314,Gerald Hale,41,male
1315,Paul Postel,48,male
1316,Cecile Desilets,44,female
1317,Joann Clemmons,36,female
1318,James Didonato,42,male
1319,Regina Catoe,44,female
1320,Melvin Maldonado,51,male
1321,Javier Hicks,53,male
1322,Patricia Russo,45,female
1323,James Laplante,43,male
1324,Todd Matias,50,male
1325,Leslie Miller,51,female
1326,John Campos,43,male
1327,Amy Jeanbaptiste,40,female
1328,Matthew Riley,50,male
1329,Michael Gay,37,male
1330,Samara Smith,53,female
1331,Robert Looper,47,male
1332,Joseph Williams,42,male
1333,Gerard Littlejohn,46,male
1334,Joe Blackard,43,male
1335,Tonya Gonzales,49,female
1336,Everett Jones,47,male
1337,John Wood,41,male
1338,Phillip Guzman,37,male
1339,Ethel Posas,45,female
1340,Joyce Markley,41,female
1341,Edith Pappas,45,female
1342,Karen Aigner,43,female
1343,Patricia Wong,42,female
1344,Dean Olsson,41,male
1345,Ryan Harrison,45,male
1346,Robert Flannery,38,male
1347,Ronald Flowers,39,male
1348,Megan Contreras,43,female
1349,Brandon Ramos,37,male
1350,Mary Johnson,45,female
1351,Michele Cavallaro,43,female
1352,Robert Wilhelm,41,male
1353,Edith Harris,46,female
1354,Dale Aguilar,41,male
1355,Donna Laffoon,47,female
1356,Luis Miller,52,male
1357,Dorothy Eberhardt,48,female
1358,Arthur Wilmoth,52,male
1359,Barbara Fischl,46,female
1360,Michael Daigle,43,male
1361,Judy Dunn,45,female
1362,Roy Hernandez,51,male
1363,Cody Larue,46,male
1364,Tony Bakke,42,male
1365,Oscar Beyer,40,male
1366,Mary Stewart,45,female
1367,Clarice Chandler,47,female
1368,Frank Frederickson,45,male
1369,Charles Wolfe,47,male
1370,Darryl Marquez,45,male
1371,Owen Wilson,48,male
1372,Constance Williams,40,female
1373,Patricia Brown,38,female
1374,Mary Valdez,51,female
1375,Brendan Pugh,38,male
1376,Ethel Alexandre,50,female
1377,Bill Woodward,44,male
1378,Eugene Jewett,47,male
1379,Beatrice Barnett,50,female
1380,Alan Hill,41,male
1381,Charlotte Collins,57,female
1382,Roberta Bradley,50,female
1383,Diana Duran,45,female
1384,Ronald Shinkle,46,male
1385,Mike Large,49,male
1386,John Baima,43,male
1387,Shawn Fiedler,44,female
1388,Judy Lindsay,46,female
1389,Elizabeth Barlett,48,female
1390,Tammy Kwak,43,female
1391,Kerry Smith,33,male
1392,Victoria Graham,45,female
1393,Myrtle Brown,40,female
1394,Carolyn Hoffman,36,female
1395,Jim Hitt,43,male
1396,Brenda Rowlands,47,female
1397,Joan Sweeney,49,female
1398,Marion Shaw,56,female
1399,Delores Machado,50,female
1400,David Thomas,43,male
1401,Morris Delgado,44,male
1402,Darryl Ward,42,male
1403,Jill Grant,43,female
1404,George Barboza,43,male
1405,Juanita Lopez,58,female
1406,Stephanie Yoder,37,female
1407,Francisco Rados,43,female
1408,Janet Purtell,45,female
1409,Laura Andrews,53,female
1410,Doyle Erwin,53,male
1411,Cynthia Reich,46,female
1412,Georgia Langehennig,39,female
1413,Eric Hale,42,male
1414,Sean Alfonso,53,male
1415,Rose Ruiz,45,female
1416,Jose Ramirez,41,male
1417,Julie Alexander,37,female
1418,Donald Payne,46,male
1419,Dennis Dapinto,45,male
1420,Robert Stanley,57,male
1421,Julie Herring,57,female
1422,Jennifer Thomas,40,female
1423,Ana Rudy,43,female
1424,Gabriel Fuller,39,male
1425,Yesenia Roland,43,female
1426,Hazel Bobrow,41,female
1427,Raymond Marshall,45,male
1428,Francis Campbell,47,male
1429,Thomas Hunt,36,male
1430,John Jerry,43,male
1431,Leroy Farrell,50,male
1432,Gertrude Yarboro,44,female
1433,Cynthia Madrigal,51,female
1434,Darryl Dabney,49,male
1435,Charles Forsythe,52,male
1436,Frank Moore,45,male
1437,Diane Bristol,39,female
1438,James Dear,46,male
1439,Ethan Marotta,48,male
1440,George Ettienne,46,male
1441,Joe Sprouse,43,male
1442,Becky Eldridge,43,female
1443,Mary Carter,57,female
1444,Heather Medlin,53,female
1445,Ray Wright,40,male
1446,Lisa Rhodarmer,49,female
1447,Kevin Villegas,35,male
1448,Lori Graham,45,female
1449,Kaye Davis,43,female
1450,Susan Reeves,47,female
1451,Janet Henderson,44,female
1452,Mary Noriega,43,female
1453,Jean Colanero,40,female
1454,Julie Horabik,42,female
1455,Dottie Huggins,43,female
1456,Mary Barnhill,50,female
1457,Lindsay Lederer,42,female
1458,Jodi Rubio,45,female
1459,Joseph Leary,43,male
1460,Jennifer Kauble,49,female
1461,Raymond Fuller,46,male
1462,Casey Guadian,48,male
1463,Donald Scheer,42,male
1464,Donna Nincehelsor,52,female
1465,Margaret Blenden,42,female
1466,Diane Bjorseth,47,female
1467,Jodi Ramirez,44,female
1468,Barbara Snow,42,female
1469,Diane Lindner,50,female
1470,Ralph Palumbo,44,male
1471,Timothy Hamilton,46,male
1472,Danny Thornburg,48,male
1473,Catherine Josephs,33,female
1474,Anna Viles,43,female
1475,Gail Rippeon,40,female
1476,Jennifer May,42,female
1477,Berneice Brown,42,female
1478,Stephen Branham,49,male
1479,Allen Meyerson,43,male
1480,Jose Carr,53,male
1481,Maria Maldonado,40,female
1482,Roger Carlos,39,male
1483,Martha Blalock,40,female
1484,Robert Wallace,48,male
1485,Pamela Harpin,39,female
1486,Glenna White,47,female
1487,Rebecca Bogan,49,female
1488,Joshua Boyne,47,male
1489,Susan Frazier,42,female
1490,Candice Yentsch,47,female
1491,Bobby Ferrari,48,male
1492,Sean Ballew,48,male
1493,Ozie Good,46,female
1494,Raymond Smith,50,male
1495,Mitchell Pekarek,46,male
1496,Miguel Liston,49,male
1497,William Paul,48,male
1498,Helen Scott,47,female
1499,Benjamin Gravatt,45,male
1500,Bernadette Carney,52,female
1501,Thomas Quick,53,male
1502,Sheryl Barnett,47,female
1503,Danny Dunkin,42,male
1504,Francisco Driver,60,male
1505,William Hammond,37,male
1506,William Kraft,48,male
1507,Andrew Poissant,45,male
1508,Mendy Lind,43,female
1509,Jennifer Moreno,52,female
1510,Jesus Stanley,46,male
1511,Michelle Taylor,48,female
1512,Jan Kennedy,53,female
1513,Frank Davis,47,male
1514,Mildred Swanger,49,female
1515,Misty Osterhoudt,43,female
1516,Kimberly Druck,45,female
1517,Diane Jennings,46,female
1518,Walter Lamb,47,male
1519,Matthew Luciani,44,male
1520,Desmond Cherubino,45,male
1521,John Tlumacki,47,male
1522,Mike Smith,36,male
1523,John Stewart,44,male
1524,Marilyn Wimberly,43,female
1525,Carol Putnam,35,female
1526,Philip Clay,42,male
1527,Connie Cain,50,female
1528,Paul Dolan,41,male
1529,Antonia Tomita,49,female
1530,Kenneth Zodrow,50,male
1531,Arnold Mccoy,48,male
1532,Mora Sears,45,female
1533,Elizabeth Navarro,45,female
1534,Kazuko Lewis,45,female
1535,Ernest Bouchard,33,male
1536,Mathew Pena,48,male
1537,Isabel Schulman,44,female
1538,George Held,49,male
1539,Julian Nelson,43,male
1540,Charles Hibbitt,43,male
1541,Dessie Kleber,47,female
1542,Alfred Houston,49,male
1543,Lynnette Daugherty,46,female
1544,Mary Dortch,43,female
1545,Dawn Mcpherson,55,female
1546,Christopher Neal,50,male
1547,Danny Miller,42,male
1548,Olivia Woodward,46,female
1549,Irene Loo,45,female
1550,Gloria Wells,40,female
1551,Bradford Connealy,43,male
1552,Mildred Tineo,47,female
1553,Lillie Oconnor,46,female
1554,Mary Callaway,53,female
1555,Maria Williams,41,female
1556,Ricky Ross,47,male
1557,Patricia Eberle,49,female
1558,Reggie Pitonyak,60,male
1559,Vincent Burger,46,male
1560,Rachel Gonzales,43,female
1561,Cecile Bassett,47,female
1562,Ella Vanduyne,37,female
1563,Sarah Valdez,52,female
1564,Robert Obrien,47,male
1565,Lisa Geraci,43,female
1566,Joseph Park,48,male
1567,Deborah Calderon,47,female
1568,Rina Reece,47,female
1569,Nyla Pierce,41,female
1570,Daryl Collins,42,male
1571,Herman Bliss,39,male
1572,Isabelle Gonzales,49,female
1573,Sara Nichols,36,female
1574,Mary Kuehn,45,female
1575,Josephine Barth,43,female
1576,Jack Carleton,41,male
1577,Verna Obrien,46,female
1578,Alicia Russo,51,female
1579,Ralph Rublee,44,male
1580,Ronald Jones,49,male
1581,Leigh Cruz,43,male
1582,Brittany Digirolamo,44,female
1583,Barbara Nieman,40,female
1584,Jenny Wilson,46,female
1585,Renae Thomas,38,female
1586,Edward Collins,53,male
1587,Craig Theis,42,male
1588,Rosa Baker,45,female
1589,John Lee,37,male
1590,Jerry Lee,48,male
1591,Sandra Hillman,45,female
1592,Barbara Haywood,36,female
1593,Jody Pack,65,male
1594,Jack Nohel,46,male
1595,Tony Kitanik,46,male
1596,Thomas Dickerson,46,male
1597,Carmen Gonzalez,38,female
1598,Phillip Smith,47,male
1599,Rayford Sandoval,43,male
1600,Bruce Guyton,38,male
1601,Eugene Snow,34,male
1602,Steve Beck,53,male
1603,Marie Brew,39,female
1604,Charles Troutman,40,male
1605,Lillian Couture,51,female
1606,Beulah Lancaster,47,female
1607,Lawrence Falcon,42,male
1608,Andrea Zupancic,52,female
1609,Paula Campbell,43,female
1610,Richard Scott,44,male
1611,William Roberts,46,male
1612,Tristan Hurst,48,male
1613,Darci Roeber,43,female
1614,Antoinette Hayes,41,female
1615,Jessie Dorais,32,female
1616,Amy Rice,45,female
1617,Julie Raffa,46,female
1618,Aurora Conorich,45,female
1619,Andres Halligan,41,male
1620,Hector Stevens,47,male
1621,Opal Tracy,49,female
1622,Cynthia Mcswain,41,female
1623,Jessica Griffen,55,female
1624,Delois Krieg,35,female
1625,Erin Byrd,42,female
1626,Barbara Jesse,41,female
1627,Mary Hardy,43,female
1628,Veronica Mcneal,36,female
1629,Bradley Pride,44,male
1630,Justin Wyman,39,male
1631,Jeremy Sulzer,47,male
1632,Carman Green,41,female
1633,Alexander Brook,45,male
1634,Brandon Bolivar,48,male
1635,Jorge Palmer,42,male
1636,Brandon Mcglynn,52,male
1637,John Pruett,50,male
1638,Alice Jubilee,53,female
1639,Adam Barnes,45,male
1640,Nina Johnson,41,female
1641,Caitlin Tsai,44,female
1642,William Rhoda,46,male
1643,Jeffrey Sepe,38,male
1644,Michael Covert,35,male
1645,Anthony Breheny,39,male
1646,Laura Mcilwain,45,female
1647,Takisha Walter,52,female
1648,Leroy Doughtry,44,male
1649,Brandon Caya,48,male
1650,Linda Cole,44,female
1651,Jamie Abramson,44,female
1652,Anita Boyle,43,female
1653,Amber Russell,28,female
1654,Angie Fleming,51,female
1655,Angela Kapp,44,female
1656,Robert Newstead,59,male
1657,Jami Bormuth,47,female
1658,Calvin Joel,49,male
1659,Lee Carroll,50,male
1660,Barbara Kenner,44,female
1661,Andrew Berman,49,male
1662,Margaret Velez,51,female
1663,Bethany Tate,40,female
1664,Diana Wilson,34,female
1665,Theresa Nichelson,46,female
1666,Debbie Farmer,50,female
1667,Karla Sagers,50,female
1668,Belle Gardner,45,female
1669,Richard Martinez,41,male
1670,Sylvia Mccard,42,female
1671,Ricky Wagaman,47,male
1672,Meredith Huether,42,female
1673,Jean Lewallen,39,female
1674,Scott Paynes,47,male
1675,Sean Cortez,44,male
1676,Apryl Hamilton,45,female
1677,Serena Henderson,46,female
1678,Carrie Cintron,47,female
1679,Margaret Lenhart,46,female
1680,Anthony Fleming,44,male
1681,Frank Williams,58,male
1682,Mildred Aldridge,46,female
1683,Robert Woods,42,male
1684,Grant Glass,47,male
1685,Evelina Herman,44,female
1686,Thomas Wright,45,male
1687,Kenneth Murphy,46,male
1688,Robert Loreto,50,male
1689,Mila Casey,40,female
1690,Robin Mirabella,41,female
1691,Sheryl Feliciano,45,female
1692,Imogene Sprow,45,female
1693,Timothy Mart,48,male
1694,Evelyn Elmore,49,female
1695,Elizabeth Schaefer,39,female
1696,Veda Almazan,47,female
1697,Debra Warren,46,female
1698,David Hartman,42,male
1699,Ruby Sandoval,33,female
1700,Linda Sirois,40,female
1701,Robyn Contreras,53,female
1702,Mamie Henriques,49,female
1703,Philip Solomon,44,male
1704,Margaret Vangilder,60,female
1705,Evelyn Barber,46,female
1706,Michael Webster,40,male
1707,Mark Correa,46,male
1708,Michael Bryan,47,male
1709,Elizabeth Dumas,41,female
1710,Patricia Postel,46,female
1711,Roger Minton,39,male
1712,Chris Payton,51,male
1713,Wendell Reach,50,male
1714,Bryan Martinez,39,male
1715,Edda Walker,41,female
1716,Garnet Oneal,37,female
1717,Ruth Tatum,46,female
1718,George Smith,53,male
1719,Michael Quintana,47,male
1720,Wm Francois,36,male
