item.id;item.title;initial.inventory;reorder.point;max.quantity
B00006IDJY;Njoy Sugar, 20 Oz. Canisters, Pack Of 3;87;50;120
B00006IDKF;Danish Butter Cookies, 3 Lb Tin;126;120;130
B0000CFPI2;BJ-6 3-Pack Jerky Spice Works;89;60;140
B0000CNU0C;Ajinomoto Soup Stock Hondashi;95;30;140
B0000CNU1B;Koon Chun Black Vinegar, 20.5 Ounce;65;60;70
B0000CNU5Q;Lee Kum Kee Fine Shrimp Sauce;62;50;90
B0000CNU66;Koon Chun Black Soy Sauce;78;50;140
B0000D17HA;De Cecco Acini Di Pepe, 16oz;109;50;170
B0000D17RB;Ziyad Green Za'atar, 16 OZ (Pack - 1);55;30;130
B0000DBN1L;Tazo Organic Chai, 24 Tea Bags 2.3oz;69;50;110
B0000DG5AN;GATOR HAMMOCK Gator Sauce, 10 FZ;69;50;140
B0000DG56P;DA BOMB Ground Zero, 4 fl oz;49;40;60
B0000E5JRZ;Camellia Brand Navy Beans, 1 Pound;74;50;120
B0000GHNW2;Valentina Salsa Picante Mexican Sauce;77;60;110
B0000GK068;De La Rosa Candy Bar Pulparindo Rglr;166;50;180
B0000GHNV8;El Yucateco Paste Achiote, 3.5 oz;45;20;160
B0000SVZCO;Tony Chacheres Seasoning Creole, 17 oz;97;40;140
B0000WKU8K;Japanese Kewpie Mayonnaise - 17.64 oz.;112;40;140
B0001218SA;Monin Lemon Syrup 750ml (25.4oz);119;20;150
B00014CDRS;Ouma Buttermilk Rusks 500g (2 Pack);108;60;130
B0001590BY;Lyle's Golden Syrup 454g;96;80;130
B00015UC4I;Arrowroot Powder, 1 lb.;102;60;110
B00015UC8O;Barley Malt Powder, 1 lb.;110;30;160
B00016LA84;Better Than Bouillon Chili Base,8 Ounce;115;100;160
B00016LA8O;Better than Bouillon Clam Base 8 oz;106;70;130
B00016V2DC;LorAnn Oils - Watermelon 1 dram;135;50;170
B00017028M;Maldon Sea Salt Flakes, 8.5 ounce Box;410;200;210
B0001990A6;12 OZ RED LUMPFISH CAVIAR;81;60;130
B0001APXYW;Panda All Natural Soft Licorice, 7 Oz.;95;30;140
B0001AVTDQ;Dough Enhancer, 1 lb. by Barry Farm;76;50;100
B0001CVIE4;Pickapeppa Sauce, 5 oz;87;30;170
B0001CXUHW;Saf Instant Yeast, 1 Pound Pouch;320;140;180
B0001GUQ2K;Minor's Pork Base, 16 Ounce;250;120;130
B0001M0ZWA;Stash Tea Mango Passion Fruit, 20 ct;169;60;180
B0001M12TA;Ener-G Baking Powder - 7.05 oz;98;40;120
B0001M0ZXY;Stash Tea Jasmine Blossom Tea - 20 ct;100;30;130
B0001N47YG;Bigelow Cranberry Apple Tea (Box of 28);99;80;130
B0001SVZGE;Barry's Tea Gold Blend Tea Bags;84;50;160
B0001UHSRW;Utz Party Mix, 43 oz Barrel;139;20;160
B0001WOLMU;Authentic Foods Vanilla Powder - 3oz;61;10;160
B000216TSE;Authentic Foods Tapioca Flour  - 2.5 lb;120;40;210
B00022DRVK;Authentic Foods Potato Starch - 3 lb;190;90;100
B00028QCD4;Kombu - 2.1 oz - Strips;132;30;150
B0002MRUVI;My Grandma's Cinnamon Walnut Coffee Cake;112;50;140
B0002MRUYK;My Grandma's Cinnamon Walnut Coffee Cake;77;60;110
B0002PHEU2;Cinnamon Oil, 4 Ounce;47;30;70
B0002PHEDO;Maple Extract, 4 Ounce;230;110;120
B0002YB210;Kikkoman Manjo Aji Mirin, 17 fl oz;107;60;160
B0002YRLHE;Mountain House Beef Stew;108;50;160
B0004LWYOA;Zatarain's Creole Seasoning, 8 oz;82;80;90
B0005XNHMK;McCormick Ground White Pepper, 1 oz;72;60;180
B0005YLSO8;4c Lemon Iced Tea Mix, 5 lb 7.9 Ounce;128;70;160
B0005ZHBLG;Armour Lard Carton, 1 lb;52;50;110
B0005ZZKV4;Tetley Inc Tea Bags, 100 Ct;98;70;130
B0006006L2;Filippo Berio Olive Oil, 50.7 Ounce;91;90;120
B00060055O;Dutch Gold Honey Buckwheat, 16 oz;78;30;130
B0005ZZABY;Fiesta Seasoning Fajita, 7.0 OZ;88;60;130
B00061EYDW;Karo Light Corn Syrup, 16 fl oz;120;90;160
B00064VQO4;BARIANI Extra Virgin Olive Oil, 16.9 OZ;210;40;170
B00065PENM;Lyons Original Irish Tea. 80 Bags;73;70;110
B00067WBGS;Merckens Milk Chocolate 2 Pounds;95;60;100
B00067ZEFS;2 Lb. Claxton Fruit Cake;89;60;120
B0006BD67W;Turkish Apple Tea 8.8oz;119;100;130
B00078N908;Spicy World Whole Allspice, 16 oz;73;50;110
B0007KLGFQ;Smarties Candy Roll 160ct;105;100;110
B0007OVY3Q;King Leo Soft Peppermint Candy 5lb;90;70;140
B0007OVW5G;Bullseyes Caramel Creams 5lbs;51;50;80
B0007OVWKG;FUN DIP (Lik M Aid) 48ct;230;90;140
B0007OVXIM;Peppermint Starlights 5lb;56;40;70
B0007PQC3M;Barley Malt Syrup, 22 fl. oz.;87;80;190
B0007SVCRK;Super Bubble Gum, Assorted, 54 Ounce Tub;75;70;130
B0009O1G7I;Hawaiian Sun Premium Coconut Syrup;115;110;120
B0009PCP6S;OLD BAY Seasoning, 6 oz;99;40;100
B000AXQHYU;Torani Butterscotch Syrup 750mL;61;60;200
B000AXQHZO;Torani Chocolate Mint Syrup 750mL;113;40;120
B000AXQI0I;Torani English Toffee Syrup Sugar Free;65;20;120
B000AXQI30;Torani Strawberry Syrup Sugar Free;149;60;150
B000AXQI1M;Torani Mango Syrup 750mL;97;70;110
B000AXSG1W;TORANI PASSION FRUIT;73;40;120
B000AXSFZE;Torani Blueberry Syrup, 750 ml;138;90;150
B000AXSG08;Torani Sugar Free Coconut Syrup, 750mL;107;70;130
B000AXU98K;Torani English Toffee Syrup, 25.4 Ounce;85;80;90
B000AXWA00;Torani Strawberry Syrup 12.7 ounce;147;70;150
B000AXW9ZQ;Torani Peach Syrup 750mL;154;60;160
B000AXW9Z6;Torani Macadamia Nut Syrup, 750 mL;91;30;110
B000AXWAUA;Torani Sugar Free Almond Syrup 750mL;64;60;70
B000B6O4LO;6 Pack Cincinnati Chili Mix Packets;67;50;80
B000BGZNXW;Monin Syrup Pump for 750ml Glass Bottle;116;60;140
B000BGZNW8;Monin Caramel Syrup, 750 ml;112;50;140
B000BH1NTY;Monin White Chocolate Syrup, 750 Ml;145;50;190
B000BH3K6I;MONIN BLACKBERRY SYRUP, 750 ML Bottle;36;30;70
B000BOCB0W;Kikkoman Ponzu Sauce;142;50;180
B000BTHHF6;Ortiz Anchovy Fillets in Oil 95 Gram Jar;111;100;130
B000C1HKTG;Black Jelly Beans (5lb Bag) by Sweets;123;40;140
B000CD5RXU;Swiss Knight Cheese Fondue, 14 oz - 6pk;48;20;80
B000CHMJZA;Monin Gingerbread Syrup, 750 Ml;91;70;120
B000CHMK1I;Monin Peppermint Syrup 750 ml;65;20;100
B000CHMJWI;Monin Blood Orange Syrup (1L) Mixer;71;70;80
B000DT8S98;DaVinci Gourmet Sauce, Caramel, 64 Ounce;81;50;90
B000E4C1OK;12 Pack Cincinnati Chili Mix packets;94;90;100
B000E5DJYU;Chinese Good Luck Candy;117;50;120
B000E73MW2;Cadbury Flake Bar 20g- Case of 24;32;30;140
B000ESZWXS;Fresh Thai Tamarind - 16 oz;129;110;130
B000ET3Y8W;Dried shrimp - 3 oz;74;70;90
B000EWMJ8U;Thai whole dried chile - 3.5 oz;61;50;70
B000EYC096;Thai Rice Flour - 16 oz;160;70;90
B000EZYFRA;Heinz Beans 6pk;81;70;110
B000F013Q0;Tone's Lemon Pepper Blend - 28oz shaker;94;80;160
B000F3Q6Q4;Dubble Bubble Sugar Free Gum - 3.25 oz;95;90;110
B000F9ZDIA;Pumpkin Powder, 4 oz. by Barry Farm;94;90;100
B000FAB4GE;Lyons Gold Label Tea 80 tea bags;88;80;90
B000FO1NFC;Bounty Milk Chocolate Case of 24;50;30;130
B000FVCVS8;Ras El Hanout 2.0 Oz - Zamouri Spices;113;80;120
B000FVMOW6;Sumac Spice 2.0 oz - Zamouri Spices;134;30;200
B000FVMQJC;Baharat Spice 2.0 oz - Zamouri Spices;93;90;100
B000FVO8QG;Zahtar Spice 2.0 oz - Zamouri Spices;100;80;150
B000G0EM4Y;Barilla Oven Ready Lasagna Pasta;124;70;150
B000GCS018;Cafe Escapes Chai Latte;90;80;130
B000GHFRYG;Nigella 2.0 oz - Zamouri Spices;71;70;80
B000GZCVQK;Torani Sugar Free Caramel Syrup;50;30;180
B000GZCW8C;Torani Creme De Menthe Syrup 750mL;80;60;130
B000GZCVVA;Torani Sugar Free White Chocolate Syrup;160;50;180
B000GZGX8C;Torani Pineapple Syrup 750mL;108;80;210
B000GZGXCS;Torani White Chocolate Syrup;141;70;200
B000H241DS;Sushi Chef Sushi Making Kit;133;90;170
B000H4CJZI;Lorann Oils Caramel 1 Ounce Flavoring;66;60;140
B000HESDVW;Atomic Fireballs 16 Oz. (1 Lb), 1 Pound;152;50;160
B000HRSGJ8;Puntini Italian Jujubes 1 Pound;152;30;180
B000HZH7O0;Skyline Chili 8 Cans - 15 oz;42;40;110
B000I7XGOC;Assorted Gumballs Refill ~ 16 oz;120;40;80
B000ID0NNS;Chocolate Large Gold Coins 5lb;162;80;180
B000IW68YC;HERSHEY'S 5 Pound Chocolate Candy Bar;127;110;130
B000J00OIO;Yum Yum Marshmallow Cones 30ct;153;70;160
B000J0N1CK;Classic Guava Hard Candy - 12.3 Oz;108;70;120
B000J674BI;Tasty Decaf 70 Pyramid Tea Bags;120;60;140
B000JL0NDO;Scotts Porridge Oats - 1.1 lbs (500gm);84;30;140
B000JMBE3Q;Pataks Mild Curry Paste 10 Oz;67;40;110
B000JMBE8Q;Whole Cloves 3.5 oz;101;80;120
B000JMAVXA;Huey Fong Sambal Oelek Chili Paste 8 Oz;180;80;100
B000JMFCRU;Spicy World Coriander Seeds 7 Ounce;104;80;160
B000JSOC3O;Jacob's Cream Crackers 200g (Pack of 4);94;50;120
B000JSSNUC;Brooke Bond Red Label Tea - 450g;124;110;170
B000JSSNW0;Brooke Bond Red Label Tea India, 31.7 oz;107;100;110
B000KOWZ5O;Tootsie Roll Assorted Pops 100 ct;74;70;140
B000L1GRQO;Mars Chocolate Bars, 12-Count;101;70;140
B000LQJ6DK;Orange Blossom Water (Cortas) 10fl oz;86;40;100
B000LQJG9O;Salmiak Pastillen (villosa) 150g;123;30;130
B000LQJJXM;Kinder Bueno Bars, 30-Count;150;50;100
B000LQL9M6;CORTAS Rose Flower Water, 10 OZ;87;30;140
B000LQNCEE;Kinder Chocolate, CASE, 10x100g;56;40;220
B000LQOI6K;Kinder Happy Hippo - Hazelnut;75;50;140
B000LRFVHE;Fleischmann's Instant Dry Yeast 1lb bag;105;70;140
B000LRH6DQ;Royal White Basmati Rice, 20 Pound;160;30;130
B000LRIIII;Attiki, Greek Honey 1000g (2.2lb) CAN;81;70;100
B000M806YK;Mountain House Noodles and Chicken;94;80;120
B000MC40WA;Haribo Gold Bears Gummi Candy 200 g;97;50;120
B000MCY79G;Joyva Marble Halvah Bars 12 Bars;72;60;130
B000MGOZEO;NOW Foods Pure Xylitol,75 Packets;54;40;70
B000MGSJ00;NOW Foods Organic Amaranth Grain - 1 lb;130;100;150
B000MMIWV0;Yogi Teas Joint Comfort Teas, 16 Count;88;80;210
B000MOCUKW;Bisto for Chicken Gravy Granules (170g);105;70;110
B000MQ5YRQ;Canadian Red Rose Tea - 72 tea bags;123;30;180
B000MUJPCC;Mighty Leaf Green Tea Tropical 100ct.;71;70;80
B000MURJQG;Kinder Happy Moments Mini Mix 5.71 Ounce;120;30;90
B000N1ZB6Y;NOW Foods Walnuts Raw Organic, 12-Ounce;72;50;100
B000N8EV8G;Marshalls Creek Spices Msg, 14 Ounce;74;50;110
B000NIHZMU;Sunflower Jasmine Tea 1 LB (454 g);54;50;70
B000NKFX54;Charms Sweet Pops 100 Ct;103;40;120
B000NKL6HS;CHARMS SUGAR DADDY POPS 48ct(22.3oz);99;60;120
B000NMDWFA;Sugar Daddy Lollipops 48 count;98;70;110
B000NO943C;CHIQUILIN Smoked Paprika, 75 GR;240;60;180
B000NOGKN4;Hass Avocado, Large, Ready to Eat;90;70;180
B000O0I0Y4;Simply Orange, Pulp Free, 59 fl oz;119;70;150
B000O8KKRG;Bijol Coloring and Seasoning, 4 oz;115;70;170
B000O9WEY2;Quaker Instant Oatmeal Variety, 52 ct;78;70;80
B000OMJWXU;Wee Bee Naturally Raw Honey -- 1 lb Each;153;110;190
B000OMKAO0;WEEBEE HONEY Raw Honey, 26 OZ;108;90;150
B000ORXYYS;Xlear Xylosweet Bag, 1-Pound;56;40;100
B000OTCPAA;Colmans Classic Mint Sauce 165 grams;79;70;80
B000OUX2QA;Ras El Hanout 4.0 Oz By Zamouri Spices;116;60;130
B000OXI9GU;Yoku Moku Cookies -Rolled Cigares;118;90;130
B000P0VRW0;SeaBear Smoked Salmon Trio, 18-Ounce Box;144;60;160
B000P6TK0K;Keebler-Sugar Wafers, 24/2.75 oz. pkgs.;191;60;220
B000PC47WK;Torani Hazelnut Syrup, 750 ml;84;50;130
B000PEPQ32;Duplo Crisp Sticks, 10 pack;101;90;110
B000Q6QZES;Sunkist Fruit Gems, 5-Pound Bag;103;100;110
B000QGI7V2;Tootsie Roll Assorted Pops 100 ct;94;20;190
B000QV0MA6;Sugar Free Gumballs 16oz;230;110;120
B000QVDSUM;Bragg Natural Liquid Aminos 16oz;127;50;150
B000R2VTBK;Herbal Tea Peach 1.8;63;60;140
B000RHUYC0;Porcini Powder, 12 Ounce Jar;94;60;130
B000RHXI5K;Brown Flaxseed, 10 Pound Box;75;30;130
B000RHXKTO;Rye Berries, 10 Pound Box;94;90;100
B000SAUVC4;Cayenne Pepper - 10 Lb Bag;158;70;190
B000SEKSKU;Ginger People Ginger Juice - 5 fl oz;158;70;170
B000SEKT7M;Lindt, 60% Extra Dark Bag, 5.1 oz;88;30;110
B000SMYTWU;Lotte Koala's March Share Pack;48;30;170
B000SQMJE6;Boston Fruit Slice Round, 11-Ounce;72;40;120
B000SR5NYI;Jane S Krazy Mixed Up Salt, 4 oz;90;30;150
B000SR5ZAK;Patak's Sweet Mango Chutney, 12 oz;96;60;140
B000T8W2G8;Monin Sugar Free Raspberry Syrup, 750 ml;120;80;140
B000TYKI9K;Kirkland Signature in Shell Pistachios;87;50;160
B000U5YMIG;Fee Brothers Grapefruit Bitters 5oz;112;80;170
B000UWE0AO;Japanese Bonito Flakes 2.82 Ounces;67;50;160
B000V8XU2G;Blow Pops Sour Apple (Pack of 48);79;40;120
B000V937YQ;Blow Pops Assorted Popss (Pack of 100);150;70;80
B000VHGEPW;Eden, Tamari Soy Sauce, Organic 10 oz;112;40;120
B000VK3RPY;Bob's Red Mill Baking Soda, 16 Ounce;88;80;110
B000VK7PG6;Rumford, Baking Powder, 8.1 oz;54;40;60
B000VLYUBI;Sun Luck Chili Oil, 5 oz;113;100;130
B000W6Z3ZE;Panko Flakes Bread Crumbs Japanese Style;79;60;160
B000WGA9TO;Rumford, Baking Powder, 4 oz;99;40;130
B000WGB3OY;Torani Vanilla Syrup 12.7 ounce;49;40;130
B000WGD21Q;Tootsie Pops, 10.13 oz;75;50;130
B000WGD3CO;Crystal Pure Hot Sauce, 6 oz;111;90;150
B000WH2HK2;100 Grand Chocolate Bar, Fun Size, 11 oz;125;40;160
B000WLGAT2;Bob's Red Mill Corn Flour, 24-Ounce;94;90;100
B000WS1KI6;Simply Organic - Coriander - 2.29 oz.;119;90;130
B000X5GRGS;Trappist Abbey Monastery Fruitcake 3 lb.;110;60;150
B000X5M5R8;Trappist Abbey Monastery Fruitcake 1 lb.;131;110;150
B000XBCBW6;Kirkland Signature Walnuts-3lbs;67;50;110
B000XVHMY8;Monin - MONIN Pump for 1L Bottle - 5ml;117;70;140
B000Y36ZIE;Xlear Xylosweet Bag, 3-Pound;48;10;220
B000YG8Y6C;Loacker Quadratini Lemon Wafers, 8.83 oz;102;60;120
B000YHN3C6;Candy Cane Tootsie Pops 9.6 Ounce;150;70;80
B000YOMRA8;Colgin Liquid Smoke, 16.0 Ounce;39;30;160
B000YUVVPO;McCormick Culinary Rosemary Leaves, 6 oz;92;80;100
B000Z93FQC;Y.S. Eco Bee Farms Raw Honey - 22 oz;81;30;170
B00112IM56;Amazing Grass Organic Wheat Grass Powder;122;80;140
B0011314KA;Sun Brands Madras Curry Powder, 4 oz;69;50;110
B0011BPMUK;Diamond Crystal Kosher Salt, 3 lbs;320;110;210
B0012Z79W4;Momoya Menma 4.05 Oz;89;60;120
B0012Z6QPA;Dr. Oetker Vanillin-Zucker - Pack of 10;78;60;160
B0012ZHF28;Two Leaves and a Bud Alpine Berry Tea;58;50;130
B001395NZ4;NOW Foods Pumpkin Seed Raw, 1 lb;99;40;130
B0013GAS6Q;Oatly - Organic Oat Drink - 1L;104;100;110
B0013JLOHA;Eden Foods Umeboshi Paste, 7 oz;90;50;110
B0013P3KC6;NOW Foods Xylitol, 2.5-Pound;51;40;140
B0013YQKJC;Realemon 100% Lemon Juice, 2.5 oz;137;110;150
B0014D0R0U;Tabasco Green Pepper Sauce, 5 oz;76;60;130
B0014D2DRU;Coffee-mate Non-Dairy Creamer, 6 oz;71;60;120
B0014GP4L4;Nerds Rope Very Berry .92oz 24-Packs;109;30;110
B0014WJ40U;Kusmi Tea ANASTASIA 20 Bags;93;60;150
B00152VHXG; Chick-O-Stick 160 Piece Tub ;115;110;150
B00159VW3Y;Blow Pops Cherry (Pack of 48);151;70;160
B0015A23PO;Charms Sweet Pops,48ct,30 oz;91;60;150
B0015AO7YO;Adolph's Unseasoned Tenderizer, 44.5 oz;101;50;130
B0015AP0Z4;Tootsie Roll 0.5oz 48 Rolls;100;90;110
B0015AR278;Frooties 360 Piece Bag Fruit Punch;129;70;140
B0015AWU7U;Caramel Apple Pops, 48-Count Package;107;90;150
B0015AWWSW;Tootsie Rolls/360-Bg;128;60;180
B0015QDWRQ;eFrutti Hot Dog Gummis 60 Pack, 19 Ounce;64;40;70
B0015QG7VO;eFrutti Mini Burger Gummy 60 Pack;49;40;120
B001682S00;Indian Pumpkin Seeds - 5/16 oz (72 pack);69;60;70
B0016G1H8G;SweetGourmet Sour Cherry Balls, 2lb;61;40;80
B0016G1DQW;Twinings Tea Lady Grey Tea, 20 ct;89;50;130
B0016H973W;Chateau Ste. Michelle Pinot Gris, 750 ml;130;40;140
B00170LPPQ;Mad Dog 357 Hot Sauce, 5oz;71;50;160
B00176TTPS;Calbee Fruit granola 800g;105;40;110
B0017P0TMQ;Swiss Miss Hot Cocoa with Marshmallows;110;50;130
B0017RZJ9M;Altoids Peppermint Mints - 6 paks;70;50;130
B0017WSH82;Villa Manodori Balsamic Vinegar;75;50;110
B00187D4KM;Halls Mentho-Lyptus - 200 drops;102;100;110
B0018AN2T2;Peters Creamy Caramel Sauce, 5 Pound;49;40;60
B00195R55S;Monin Toasted Marshmallow Syrup, 750 ml.;86;70;130
B0019BUOU0;Lan Chi Chili Paste with Garlic;93;30;140
B0019JMR6Q;EDEN ORGANIC APPLE BUTTER 17 OZ;103;80;140
B0019JPH2C;Eden Foods Furikake Shake, 2.1 oz;99;80;100
B0019LU5LS;Yogi Herbal Teas, Chai Rooibos 16 ea;74;70;80
B0019MMQXM;Kool Aid Variety 48 Packs;99;50;110
B0019N2EQU;Domino Powdered Confectioners Sugar 16oz;104;80;120
B0019QI0DS;It's A Girl Bubble Gum Cigars;63;60;90
B001A39KIY;Marie Sharp's Hot Sauce 6 Pack;109;70;130
B001B49UOG;Badia Black Pepper Table Grind, 16 Ounce;66;60;80
B001B8YROU;Yogi Organic Detox Tea, 16 ct;49;40;140
B001BB3LW6;Dum Dums Pops, 30 Pound;78;70;80
B001BNSZW0; Pataks Hot Mango Chutney 12 Oz ;125;60;140
B001BPB77S;Spi-C-Mints 5 lb Bag;120;80;160
B001CDOBCM;Luxardo Maraschino Cherries, 418 mL;69;60;70
B001CDVCBU;Regan's Orange Bitters No. 6, 5 Ounces;145;90;200
B001CDVCCO;Regan's Orange Bitters No. 6, 10 Ounces;79;60;140
B001CTIE2Y; Haribo Gummies - Frogs - 5 oz ;94;60;190
B001D1FPSW; Fee Brothers Rhubarb Bitters 5oz ;160;70;180
B001D4XM48;Popin' Cookin' Funny Cake House;92;80;100
B001D677K6;Torani Sugar Free Peppermint Syrup 750mL;117;70;150
B001E18LC8; Olbas Herbal Tea By Olbas - 7 Oz ;105;90;110
B001E2TAX6;Tazo White Tea Berryblossom 20 Bags;97;60;100
B001EO7GJ4;Roland Israeli Couscous, 5 Pound;123;50;150
B001EOWBRQ;Preserved Lemons;75;70;80
B001F30ORK;Bit-o-Honey, 5 Pound;76;70;110
B001F35WU4;Mary Janes Old Fashioned Candy, 5 Pound;93;50;100
B001F8ROTG;NOW Foods Fructose Fruit Sugar - 3 lb;109;60;130
B001GZ30F0;Ener-G Baking Soda Substitute - 5.3 oz;71;70;110
B001HBEE4E;UTZ Country Store Pretzel Stix, 55 Ounce;122;60;150
B001HBRDVU;Boscoli Olive Salad, 32 oz;76;70;80
B001HBTGI8; Dirty Martini Olive Juice 25 ounce ;157;40;170
B001HNU87O;Matiz Valenciano Paella Rice 2.2lbs;58;50;60
B001ID2TPC;Fee Brothers Cherry Bitters 5oz;89;30;150
B001II469O; Train Shaped Assorted Suckers 12ct. ;103;50;120
B001KON47G;Cheetos Flamin' Hot - 50/1 oz;71;70;80
B001KPUHS4;Doritos Cool Ranch Chips - 50/1 oz. Bags;157;70;160
B001KUWEIK;Cereal Oat Bran 18 Ounces (Case of 4);100;90;120
B001L048WO;Teavana Perfectea Rock Sugar (1 lb);62;20;150
B001MOH3VW;Twinings Lapsang Souchong Tea, 20 ct;187;50;210
B001NH57LQ; MCCUTCHEON Natural Apple Butter, 19 OZ ;142;50;150
B001NZLUYG;Shanti's Spice Box;110;50;170
B001O4GMDU;Badia Seasoning Complete, 28 oz;101;70;110
B001O8KIWC;Spike Seasoning Gaylord Hauser 3 oz Salt;76;40;90
B001PB30AK;Two Pounds Of Pecans Raw - We Got Nuts;143;110;190
B001PI6KVO; Kinder Bueno Bars, 30-Count ;71;50;100
B001PM0KRU; Cereal Marshmallows, 21 oz. ;98;60;120
B001POF1PO;Sarsons Malt Vinegar 300ml;65;50;150
B001POKNZM;Bisto Granules : Chip Shop Curry Sauce;150;40;110
B001POF1T0;Weetabix Cereal 24 biscuits;89;40;170
B001PQOAP4;McCormick Dark Chili Powder, 20 oz;95;50;170
B001Q51RU0;Hawaii Li Hing Mui Powder 1/2 Pound Bag;98;60;100
B001Q54UIQ;Cinnamon Bears: 5LBS;91;70;140
B001R1D0N0;OliveNation 19th Hole Mix 2 lbs.;128;110;170
B001REJIJM;LorAnn Oils Emulsion, Coconut, 4 Ounce;95;70;100
B001SAQKUU; Canels Gum Box Original 60 Count ;81;80;90
B001SAVPXC;Badia Spices Onion Powder, 9.5 oz;112;50;130
B001SAWOT6;Chatfield's Carob Chips 12oz;121;120;130
B001SB0IPC; FINI VINEGAR WINE RED 8.45OZ ;155;40;200
B001TOAB64;Skyline Chili 4 Cans/15oz;123;100;140
B001TZS10G;Caullet Glucose Syrup - 2.2 lb;149;60;160
B001TZU212;Fennel Pollen - 7.05 oz (200g);96;50;110
B001U5Q170;Torani Hazelnut Syrup, 25.35 oz;60;50;70
B001UO90BA;Cruz De Malta 1/2 Kilo Yerba Mate;190;90;100
B001UOW7D8;Unflavored Gelatin - 1 lb;144;30;160
B001VF09VS;Hawallan Gold Kona Blend Coffee, 2 Pound;98;90;100
B001VH91OW;Lavazza Decaf Espresso Bean, 1.1 lb;85;70;120
B001VHYZP2;Communion Bread 5 oz, approx. 500 pieces;103;90;110
B001VNGJX2;Frontier Sage Leaf Rubbed, 16 Ounce Bag;64;60;80
B001VY7QXI;Ferndale Sugar Free Licorette 12CT Box;132;30;150
B001XC0WE8;Hot Tamales 9lb;93;80;120
B001YJ4W96;Altoids Peppermint Mints - 6 paks;81;80;90
B001YXO076;Mazola Corn Oil - 2.5 Gallon jug;73;40;220
B001YXXL8U;Pure Wesson Vegetable Oil - 1.25 gal;72;70;150
B0024NXVXE;Yoo-Hoo Chocolate Drink, 11 oz (24 Cans);75;60;130
B00250UC92;WillPowder Soy Lecithin Powder, 1 lb;81;70;90
B00261TAUW;Dynasty Whole Shiitake Mushrooms 1oz;70;60;120
B0026L2MFC;Creamy Original Pralines Box of 12;45;40;50
B0026SG1WK;Emmi Swiss Fondue, 14 oz;174;90;180
B0027ACP7W;Monin Mango Fruit Puree, 1 Liter bottle;118;40;130
B0028FO5AG;Fun Monster Head Suckers (1 dz);64;60;80
B0028VZEJQ; Roland Pearled Farro, 3-Pounds Bag ;94;50;120
B0029JVT3C;Domino Sugar, Granulated, 25-Pound Bags;86;40;120
B0029JU54G;Skittles Original Candy, 7.2 ounce bag;168;90;170
B002AEH6UQ;Robertsons Traditional Mincemeat 411g;73;50;90
B002B9HC6I;Mad Dog 357 Ghost Pepper Hot Sauce, 5oz;154;70;200
B002C0E5VG;Breadtopia Sourdough Starter (Live);97;80;120
B002CENRLG;Shirataki Noodles (Pack of 5);75;50;170
B002CIP40E; Red Star Bread Machine Yeast, 4 oz ;67;50;110
B002D9NAPI;Sunkist Fruit Gems Candy 10LB Case;147;70;180
B002ER9KEY;Lee Kum Kee Hoisin Sauce, 36 Ounce;89;50;90
B002L0IRQG;Harissa Condiment In Tube - Spicy 120 Gr;133;50;150
B002L7WEK4; TSM Corn Syrup Solids, 1 lb. 8 oz. ;93;60;130
B002ML4NQ2;Bewley's Gold Blend Tea Bags, 8.8 Ounce;57;50;100
B002P5H2NG;Saf-T-Pops Assorted 60 ct. box;76;40;110
B002P8AQJ0;Mae Ploy Green Curry Paste 35oz Jar;82;80;90
B002Q8H7SW;Kewpie roasted sesame dressing 1L;115;90;140
B002QHENRQ;Swad Masoor Dal, 4 Pound;103;80;130
B002R81L92;Brookside Dark Choc Pomegranate, 32 oz;101;100;120
B002UESMRC;Caykur Rize Tea - 500g;112;60;120
B002UQSSHO;N'JOY Coffee Creamer - 8/16oz Canisters;50;40;90
B002UR987M;Maggi Seasoning;109;90;190
B002UVNQSA;3lb Unsalted In-shell Pistachios;82;80;90
B002WFZC6I;Sukoyaka Brown Rice, Genmai, 4.4-Pound;188;90;190
B002X1831C;Cadbury Cherry Ripe Multipack;61;30;90
B002X48WHY;Strawberry Extract 4 oz, 4 Ounce;95;90;100
B002X4DI0U;Raspberry Red Extract 4 oz, 4 Ounce;100;70;160
B002YR7A78;Osem Couscous, Original Plain, 10 Pound;103;70;120
B002ZBBTLG;Yerba Mate Rosamonte - 2.2 LBs;97;90;140
B0030D50ZE;Best Maid Dill Pickles, 18-22 ct, 128 oz;42;30;220
B00313TXTC;Sarotti Scho-Ka-Kola (Cho ka cola) 100g;83;70;190
B0035XY0NW;Grapehead 24 Packs;94;40;120
B0036AWD8I;Mystic Chai Spiced Tea Mix - 2 lb;24;20;90
B003BP1BJK;Angostura Aromatic Bitters, 4 Ounce;79;40;110
B003CE4M14;Dum Dums 360 Count Bag;69;30;150
B003CHTX8I;Inca's Food Aji Panca Paste - 7.5 oz;87;50;90
B003CI8GYY;Indian Spice Mustard Seeds 7oz-;79;30;110
B003H7KVGQ;Typhoo (240 Tea Bags);76;70;80
B003K2NH4Q;Dabur Mustard Oil 16.9Oz;109;50;110
B003O6E5QC;Paradise Diced Lemon Peel;110;50;130
B003O6CRIK;Paradise Fruit and Peel Mix;86;80;130
B003QSORYS;Walden Farms Caramel Syrup, 12 Ounce;142;80;180
B003RUO8HG;Illy Espresso (Dark Roast);140;120;150
B003RX74AQ;Duru Fine Bulgur, 1000g, 2.2lb;44;40;100
B003ST2GNY;Fox's U-Bet Vanilla Syrup (20 Oz Bottle);60;40;140
B003T0668I;Badia Garlic Powder, 16 Ounce;74;50;190
B003TLY904;Mary Janes Candy -3 Lbs;54;50;110
B003U4LTSU;Cattlemen's Gold Sauce, 128 Ounce;139;30;200
B003UAZPCK;King Leo Soft Peppermint, 54 Ounce;68;50;140
B003UNH4BM;Choward Violet (Pack of 24);130;60;70
B003UWQP18;Red Bird Peppermint Puffs 20 oz tub;110;90;120
B003VF5Y20;Cherry Tootsie Pops 60 pops;79;50;180
B003VF7Q62;Chocolate Tootsie Pops 60 pops;92;50;120
B003VFC0XQ;Grape Tootsie Pops 60 pops;75;60;150
B003X3DMLK;Candy Cigarettes ~ 3 / 24 Count Boxes;132;60;140
B003X3YGVK;Whole Nutmeg Tin;95;40;120
B003X3WGVM;Whole Pink Peppercorns Tin;90;50;130
B003X8WCNY;Mini Cow Tales, 2 Pound;126;50;140
B003YVNKKE;Tetley Tea Bags 240 per pack;105;40;180
B003ZU0SWC;Vogue Soup Base Vegetable, 12 oz;109;100;110
B0041UER5Y;Now Foods 100% MCT Oil, 32 Ounce;130;50;80
B0042GUIV4;See's Candies 8 oz. Truffles;94;90;100
B0042GWM4K;See's Candies 8.4 oz. Small Lollypop Box;100;70;140
B0042GWKYW;See's Candies 1 lb. Toffee-ettes(r);81;30;100
B00439TSUC;Rub With Love, Salmon Rub, 16 Ounce Tub;200;80;120
B0043GVAE2;Altoids -Smalls- Wintergreen (Pack of 9);103;50;130
B0043NQTIC;Lars' Own Swedish Pearl Sugar, 10 Ounce;92;60;140
B00447S4YY;Aiya Organic Ceremonial Matcha (30g);88;80;130
B0045DMLXM;ARGO Cornstarch, 35 Ounce;101;50;170
B0045JHHAI;Caramel Apple Orchard Pops 15 oz;111;80;160
B0046CERZ2;Santo Tomas Bomba Rice, 2.2 Pound;43;20;110
B0046X4INM;Bauducco Chocottone, 26.2 oz;80;60;110
B00478O3MW;Little Pepi's Pizzelles, Anise, 7 Ounce;52;30;70
B0048023JO;Life Savers 5 Flavor, 20-Count;88;50;90
B00482H2FW;PME Edible Glaze Spray, 3.3 Ounce;139;100;160
B0048MN0TE;Hickory Farms Original Hickory Selection;51;40;120
B0049IMGCE;Hidden Valley Ranch - 2/40 Oz. Btls.;84;50;120
B004A5G60Y;Tchibo Fine Mild 2x250g Ground Coffee;169;50;170
B004AGBYRS;Amora Dijon Mustard;102;40;110
B004AMHIJU;True Lime 10.6oz Shakers (1 shaker);127;50;190
B004AMMPMU;True Lemon Large Shaker, 10.6 Oz;230;70;160
B004AOFZRA;Mae Ploy Panang Curry, Large, 35-Ounce;97;40;150
B004AQDCPA;Harissa Paste 6.0 Oz By Zamouri Spices;149;80;190
B004AVEW8G;Vegemite (220 gram);145;80;170
B004CGXTVK;Skittles, Fun Size Bags, 5 lbs;145;70;170
B004CH61Y6;Cracker Jacks, 1 oz box, 24 count;79;70;150
B004CH8EIC;Spree Chewy - Assorted Flavors,5 pounds;34;10;140
B004CHACSM;Smarties Candy Rolls, Bulk, 5 Pound;73;70;190
B004CPAP5E;Splenda Sweetener Packets 100 Each;99;70;160
B004E7A33E;Pure Blueberry Extract 4 oz, 4 Ounce;165;70;170
B004E9C9CK;Heinz Gourmet Malt Vinegar - 12 oz;83;80;100
B004EB5C6I;Zellies Cool Mint Mints, 250 count jar;155;80;180
B004ECR0BM;Rodelle Pure Vanilla Extract, 8-Ounce;130;60;160
B004EKHMXU;Healthworks Cacao Nibs Organic, 1lb;98;70;180
B004EMPCXA;Spice Island Savory Summer, 0.7 oz;66;60;80
B004EPBMRC;Nu-Salt Substitute Shaker, 3 Ounce;210;70;140
B004FDGY4Y;Watkins Pure Mint Extract, 2 fl oz;48;40;130
B004G9226Q;Colmans Classic Mint Sauce 165 grams;78;50;120
B004G8TWZQ;Torani Watermelon Syrup, 750 mL;98;70;110
B004GAVOW8;Deep Besan Chickpea Flour, 4 Pound;138;50;140
B004HY6YMI;Bisto Onion Gravy Granules 170g;88;80;100
B004I8G6JE;Raw Organic Cocoa Butter-16 ozs.;83;50;130
B004IRTIUY;Almonds Natural Raw, 5lbs;37;30;100
B004J4BHAK;Tootsie Pops Strawberry 60 pops;91;40;130
B004JDM80O;Hamlyn's Porridge Oats and Bran;72;40;90
B004JPW9TC;Gochujang Hot Pepper Paste 1.1lbs;76;50;100
B004K0862K;Peak Dry Whole Milk Powder, 900-Grams;91;90;100
B004K69OMU;Meyenberg Goat Milk - Powdered, 12-Ounce;95;80;140
B004KA63IO;JFC Katakuriko  Potato Starch, 12 Ounce;111;40;140
B004L045D8;Jelly Belly Beans, Fruit Bowl, 1 Pound;57;40;120
B004L5EVSC;Monin Blackberry Sangria Mix 33.8FL.oz;66;60;70
B004LW8AH8;Amazing Grass Organic Wheat Grass Powder;120;40;160
B004LYU6QE;Strawberry Family Pocky 4.19 oz;44;40;170
B004M1R4LG;Walkers Smokey Bacon Crisps 6 Pack 150g;58;50;60
B004NRG77Q;Dynasty Jasmine Rice, 20-Pound;68;50;110
B004OXCCNC;Bob's Red Mill Poppy Seeds, 8-ounce;83;60;150
B004PDJT4G;Organic Yuzu Juice - 3.52 Oz;69;30;130
B004Q50I5W;Toasted Coconut Coffee 10 oz grind;107;40;130
B004QPQWDE;Amber Rock Ginger Candy 4.4oz;77;70;150
B004QXIWCK;Pure Banana Extract, 8 Ounce;117;90;120
B004RDON22;Hi Mountain Buckboard Bacon Cure 16 OZ;57;50;90
B004S04X8I;Hormel Chili with Beans;71;70;150
B004S7C41E;Funkin Passion Fruit Puree 1kg;114;30;150
B004SBQYMU;Maldon Sea Salt Flakes 1.5kg/3.3lbs Tub;99;60;160
B004U7QTA4;Starbucks Caramel Syrup (1-L.);65;30;150
B004U7QSYQ;Starbucks Vanilla Syrup (1-L.);98;50;170
B004UEKLYW;Karo Pancake Syrup, 16-Ounce (Pack of 4);55;40;130
B004UEKLZ6;Karo Light Corn Syrup, 128-Ounce;84;60;110
B004ULTTM0;Cadbury Caramel Nibbles 120g;65;60;150
B004V3INYW;18ct K-Cup Coconut Coffee;96;60;110
B004WYLFG8;Starbucks Mocha Powder 14oz;175;50;180
B004X69MF6;Hickory Farms Beef Summer Sausage;140;100;150
B004XAV2G4;Lemonheads Candy, 3 Lbs;61;60;150
B004XDTOX4;Fenugreek Seeds 14 oz.;113;110;130
B004XG2H6W;True Lemon Lemonade 10-count (pack of 6);98;90;100
B004XTDENE;Ahmad Tea Cardamom Tea, 100 Count;144;70;150
B004XTDUGU;Badshah Chat Masala - 100g;108;80;110
B004XWOS72;Huy Fong Sambal Oelek, 8.5 Pound;56;20;120
B004Y0OIGO;Acquerello Rice Bag, 5.5 Pound;80;50;110
B004YGQK5K;JOLLY RANCHER Candy, 5 Pound Assortment;370;110;260
B004YXNJT8;Hungarian Sweet Paprika 250gr/8.9oz;110;60;150
B004ZK3JI6;Steen's 100% Pure Cane Syrup, 16fl. oz;63;60;90
B005013GEG;Mariani Mariani Sliced Almonds, 2 Pound;60;50;70
B0050IKSBI;Harissa Condiment In Tube - Spicy 120 Gr;122;30;140
B0050ILB7S;Long Pepper - 1 resealable bag - 4 Ounce;77;50;140
B00514C440;Bobs Red Mill Flour, Soy, 16 oz;57;50;100
B0051C0HQY;KP Hula Hoops Classic Variety 12 Pack;97;40;120
B0051C0G2O;Terry's Chocolate Orange - Milk (157g);150;50;100
B0051C19BQ;Bottlegreen Elderflower Cordial 500g;114;80;130
B0051D84JU;Lao Gan Ma Chili Crisp Sauce - (7.410z);66;30;160
B0052OMVU6;Bob's Red Mill Steel Cut Oats -- 54 oz;106;90;110
B0052Y6KPS;Blackened Steak Magic Seasoning 20oz;100;40;170
B0053DJYOC;Mama Lupe Low Carb Tortillas 12.5oz;104;50;140
B0054ECA0A;Badia Complete Seasoning, 6 Pound;128;90;180
B0054M0U18;Badia Cream of Tartar, 2 Pound;125;70;140
B00551785E;Red and Green Yuzu Kosho Duo;92;80;140
B0055DST3C;JIF Creamy Peanut Butter 16 oz. 2 Pack;48;40;50
B005763IYM;Twinings Lady Grey Tea (3x20 bag);160;30;200
B0057FBQTC;Torani Blackberry Syrup, 750 ml;121;50;140
B0058P83GK;Assorted Zotz Bulk Candy - 2LB;83;80;90
B005A8SDCO;Williams Chili Seasoning Mix 18 oz;128;80;170
B005AYAOC0;Organicville Organic BBQ Sauce, 13.5 oz;78;40;120
B005BSYRPK;OliveNation Pure Hazelnut Extract 8 oz;45;40;120
B005BZI2B8;Maggi Seasoning Liq;85;70;120
B005C95AUO;Quaker Old Fashioned Oatmeal, 10 Pound;90;70;130
B005D50WD2;Marmite Yeast Extract Tub 600g;102;40;120
B005D88NT4;Mighty Leaf Tea African Nectar Org;105;90;110
B005ECLNIM;True Orange 100 Count;110;50;60
B005EERG4K;Taragui Yerba Mate Con Palo 2.2lbs;75;30;130
B005EG78OQ;Fee Brothers Black Walnut Bitters 5oz;210;100;110
B005EJYUGW;Twinings - English Breakfast - 250g;116;20;130
B005EL1D1A;Jif Creamy Peanut Butter, 36 Count;119;50;150
B005EOKSJ0;Drake's Devil Dogs, 13.63 oz, 8 Count;109;80;150
B005FG65EY;Torani Gingerbread Syrup;114;80;170
B005FO3F0I;Tamarind Concentrate;103;60;110
B005GQYK5O;Wilton Icing Colors, 1-Ounce, Ivory;126;70;130
B005GTULDQ;Simply Organic Rosemary - 1.23 oz;122;60;140
B005GV9RZC;Maxim Original Korean Coffee - 100pks;130;40;90
B005GZ1Q5C;Cinnamon Toothpicks- 4 Tubes;40;30;130
B005H8I5M0;Brach's Jelly Nougats 3 Lb;122;110;170
B005HHFDQM;Badia - Ground Nutmeg - 16 oz.;157;40;190
B005HI559Q;Hidden Springs Maple Natural Syrup;76;40;200
B005HPE87Y;Cadbury - Heroes Tub - 660g;109;30;170
B005HV25NC;McCormick Ground Nutmeg, 1 lb;80;70;110
B005IH0GO0;The Ginger People Ginger Chews 2lb Bag;122;60;140
B005IVPFV0;McCormick Premium Taco Seasoning, 24 oz;145;70;210
B005LIAZQ0;Cinnamon Salt Water Taffy 3lb by Sweets;67;30;120
B005ME1PHQ;LorAnn Oils Emulsion, Coffee, 4 Ounce;92;50;160
B005MG92YW;Haribo Fruchtgummi Moepse (Pugs) 200g;142;50;160
B005MR9BOM;Heinz Tomato Soup 4 X 400g;74;30;160
B005MZQM6O;Snyders Mini Pretzels Tub, 40 Ounce;123;70;140
B005NAD1DU;Torani Green Apple Syrup, 750 mL;80;70;90
B005OLMRFQ;Smarties Double Lollies, 9oz Bag;96;40;140
B005OYMJ7E;NOW Foods Raw Organic Cashews;46;30;60
B005P3BC6S;Pandan Flavoring Paste;45;30;80
B005P7YTDM;Knorr Fix goulash (Gulasch) (Pack of 4);103;100;110
B005QQ1KCA;White Lily All Purpose Flour - 80 oz;122;70;150
B005R7M87Y;Watkins Pure Orange Extract 2 Ounces;155;80;160
B005RUD0GY;Consomme 30pieces;93;50;130
B005SHO0R4;Bigelow Tea Peach Tea, 20 Count;66;30;110
B005SUQNKS;El Almendro Turron Duro 200 grs (7 oz.);113;60;130
B005T4F98K;Hillshire Farm Yard-O-Beef - 3lbs;125;70;200
B005TBURAI;Lizano Salsa, 24.7 Oz | 700ml;71;60;100
B005TJYXZK;teapigs Peppermint Leaves Tea, 50 Count;103;90;110
B005VGTRNO;Sweet N Low Sugar Sub 8 oz (Pack of 12);89;50;120
B005VRNO3M;Brach's Milk Maid Royals, 2 LB;180;60;210
B005XBOL38;Ferrara Pan Cherryheads, 24- 0.8oz Packs;170;70;210
B005XEO112;PB2 Powdered Peanut Butter,6.5 oz;93;30;110
B005XNJJB0;Vermont Curry Mild 8.11 oz;49;20;90
B005YQ9IKS;Zatarain's Crab Boil Six 3oz Bags;150;60;200
B005YUIVHA;Concord Tangy Tarts Candy 3 Lb;132;60;140
B0060KPEOQ;Lipton Iced Tea Mix, Lemon 38 qt;57;20;150
B0061Q7IQQ;Jordan Almonds Pastel 3 lbs;91;70;140
B0062PQYMU;Laser Pop 12ct;109;90;140
B00634JM8I;Mina Harissa Spicy 2 Pack 10oz;137;70;150
B0063SKP7G;A.C. Legg Traditional Jerky Seasoning;70;50;80
B0063T0ALQ;A.C. Legg Hot Italian Sausage Seasoning;109;100;120
B0064KOOAW;Mike and Ike Original Flavors-4.5 lb bag;94;90;100
B0064KNTF8;Soft Sour Balls - Assorted-5 lbs;77;50;100
B0064OGBV8;Homebrew Cola Extract - 2 fl oz;31;30;70
B0064Y4ZKM;NOW Foods Senna Tea,24-Bags;200;50;150
B006580TKW;A.C. Legg INC Hot Pork Sausage Seasoning;130;70;180
B006586DUM;A.C. Legg Bratwurst Seasoning;134;60;170
B006587SH4;A.C. Legg Chorizo Sausage Seasoning;43;20;80
B0065QF3I2;SweetLeaf SugarLeaf Sugar Mix, 16 Ounce;100;60;110
B0066D3GJW;LAVENDER MILK POWDER 1x14OZ;45;40;110
B00689VNXU;Gran Panettone Italian Cake, 35.25 Ounce;140;30;110
B0068L0WX0;Wonka Pixy Stix, Assorted Flavors 3.2 oz;77;30;110
B0068UO9P8;Trader Joe's Peppermint Hot Chocolate;85;50;140
B0069KAFG4;Ginger Cuts-Five lbs;81;80;90
B006DPPW90;Equal Tablets 100 -Count (Pack of 12);120;30;160
B006E8OGNY;Mama Lupe Low Carb Tortillas Pack of 2;210;100;110
B006F8S2JW;Jordan Almonds Pastel (2 Lb Bag);78;70;110
B006FFC6CO;Jack Stack KC Original BBQ Sauce18oz.;126;50;160
B006FXKSJY;Pure Anise Extract 2 oz;116;70;200
B006FYS368;Smarties Candy Rolls, Bulk, 2 Pound;66;50;150
B006G38S5E;Brach's Cinnamon Hard Candy Discs 1LB;66;40;150
B006GL6N9E;Classic Gourmet Fruit Basket Gift;193;70;230
B006K3V5LY;Reese Large Pearl Tapioca;114;60;130
B006L7ZF8S;Yogi Tea Lemon Ginger Tea Bags 16 ea;109;40;140
B006LJ6GWA;Ferrero Kinder Chocolate, 24 pieces;90;70;100
B006MBTC50;Nissin Top Ramen Chicken - 3 oz - 24 ct;81;30;90
B006NPWO0K;Picamas Hot Sauce Jumbo 19oz;79;70;80
B006OQIEOS;LorAnn Oils Emulsion, Butter, 4 Ounce;102;90;140
B006PTXRGE;Spicy World Semolina, 2 Pound Bag;84;40;120
B006SFAS6C;NISHIKI Premium Brown Rice, 5-Pound;92;60;140
B006THKS7I;Brittle Gourmet Peanut Candy, 42 Ounce;107;70;190
B006U0WGII;Arosis Dry Giant Beans, 14 oz;58;50;190
B006ULP1AM;Chimes Peppermint Ginger Chews, 1lb Bag;98;80;110
B006ULT3WY;Chimes Orange Ginger Chews, 1lb Bag;82;80;160
B006VD15FO;Mae Anong Karee Curry Paste, 16-Ounce;76;60;90
B006VD15G8;Mae Anong Red Curry Paste, 16-Ounce;47;40;50
B006VXBMRK;Bulk Mini Vanilla Cow Tales, 2 Pound;73;70;150
B006ZMG6XC;PG Tips Pyramid Decaf 180 Tea Bags;112;60;140
B006ZOWALM;Salsa Lizano 700 ml 3-pack;73;70;120
B0070AJMFC;True Lemon Lemonade 30-count;190;90;100
B0071J46MG;Trader Joe's Raw Almonds 16 Oz;143;90;210
B0072HQUSK;Ranch Style Brand Beans - 8/15 oz. cans;56;50;140
B0073SHR5S;Lakrids No 2 Salty Liquorice;53;50;90
B0074L3QZ4;Kokuho Rose Rice, 15-Pound;64;50;150
B0076O0DWS;Inka Instant Grain Coffee Drink (200g);63;20;220
B00785JSEO;Trader Joe's Triple Ginger Snaps, Xlarge;84;50;150
B0078DPCL4;All Natural Reduce Sodium Beef Base 8oz;149;60;160
B00794FC2G;CK Products Isomalt Crystals, 1 Pound;110;50;150
B0079OPFO6;Carbalose Flour, 3 lb. Bag;171;80;200
B007AHHP2W;Poland Spring Water, 48 Count;76;40;100
B007EFOEOW;Tapioca Starch Powder 16 Oz (Pack of 1);132;80;220
B007FXC14S;Candy Cigarettes: 24 Count;77;60;110
B007I6TGAE;Twinings Nightly Calm Tea, 20 ct;99;80;120
B007IIRXFW;Banana Salt Water Taffy;148;60;150
B007ILAW34;Ginger People Ginger Syrup 8 Ounces;60;40;130
B007JAA6N0;Lobo Tom Yum Paste 1.06 Oz (Pack of 3);79;50;100
B007JNMFEU;Marmite Big Squeeze 400g;94;60;120
B007K9ZHIO;Taylors of Harrogate Yorkshire Tea Decaf;115;90;120
B007KV68UI;Regular Rolled Oats - Bulk 50 Pound Bag;173;40;180
B007LGE4QC;Fermin Jamon Iberico, 2 Ounce;120;80;160
B007N9M2G6;Chocolate Gold Coins, 1lb Bag;78;30;120
B007P2O82M;Schar Cookie Honeygrams, 5.6-Ounce;129;90;130
B007PM9YM6;Kauai Coffee Dark Roast Ground, 10 Ounce;148;40;150
B007PS9HTU;Torani White Chocolate Sauce, 64 Ounce;220;60;160
B007PY1DDC;Rishi Tea Organic, Jade Cloud, 1-Pound;153;30;180
B007RG7YWW;Grippo's Gourmet Bar-b-q Spice 5.8oz;69;40;130
B007RH5EVY;Duke's Real Mayonnaise Squeeze 18oz;148;80;170
B007RYDBVW;Canels Gum Box Original 60 Count;126;50;150
B007S9YHJ6;REPUBLIC OF TEA Milk Oolong, 36 CT;96;80;180
B007WI10A2;Richardson Pastel Mints 4lbs Bag;120;100;140
B007WRLQCU;Mazola Corn Oil - 16 oz;83;40;150
B007XA49BG;NOW Foods Erythritol,2.5-Pound;500;200;300
B007ZRLMXK;Mcvities Ginger Nut 250g 4 Pack;81;60;130
B0081KL4J2;Sweet Leaf Liquid Stevia Coconut 2 OZ;122;110;150
B0082BK7JI;Torani Caramel Sauce, 64 Ounce;190;80;110
B0082B2HH8;Twinings Earl Grey Tea, Tea Bags, 20 ct;41;30;130
B0082GV1Z2;Trader Joe's Just Almond Meal (1 lb);126;70;150
B008426RXU;HOWARDS Garlic Juice Bottle, 5 Ounce;78;70;110
B00843ZEDS;Spice Appeal Herbs De Provence, 9 Ounce;48;40;100
B0085E62T6;Frischs Sauce Tartar Original;45;40;150
B0086DEOHS;Assorted Spice Drops 5LB Bag (Bulk);146;60;150
B0087RVIOU;Sugar In The Raw, 200 Count Packets;72;50;170
B00886DMGC;Sadaf Zereshk (Barberries) (3 OZ);90;80;110
B00886E9DM;Yakisoba Sauce - 17.6oz by Otafuku.;91;80;130
B00886NJP6;Okonomi Sauce - 17.6oz by Otafuku.;133;60;150
B0088791N4;Red Cinnamon Hearts Imperials 1LB Bag;128;70;210
B008A1LXLQ;Gold Sixlets Candy 1LB Bag;105;30;110
B008E0XYCE;Badia Coriander Seed, 12 Ounce;166;50;190
B008EJRCRI;Builders Teabags, 80-Count, 8.81 oz;76;70;80
B008H19NWA;Koshihikari Rice 4.4 Lb (Pack of 1);66;60;70
B008J630OU;Pixy Sticks Bulk (2 lb Bag);76;70;160
B008K0Y3FK;Kadoya 100% Pure Sesame Oil 5.5 oz;113;50;140
B008KYQBNS;Bewley's Irish Afternoon Tea, 80-Count;95;80;160
B008NFY1HM;Brazilian Coffee Candy 1.54 lbs (700g);184;80;190
B008OGCMTY;McCormick Culinary Minced Onion, 17 oz;95;70;120
B008OJND9Y;SWEDISH Fish Red Large 2LBS;71;60;100
B008OMA6LO;Bisto Favourite Gravy Granules (500g);69;60;90
B008P05CTQ;Date Lady Organic Dates (1);71;40;90
B008PA9TUE;PANKO GF REAL ORGNL 12OZ;125;40;150
B008PS0R2K;Sweet's Taffy Watermelon (3lb);150;70;80
B008QP9XW2;Assorted Rods Hard Candy 1LB Bag;150;40;110
B008TSJA2O;KC Ginger Mints;79;50;130
B008TSVXWE;Golden Island Korean BBQ Pork;111;100;160
B008US0MCA;Barrys Gold 80 Bags (Pack Of 2);116;70;140
B008VQ0FZA;DeLallo Brown Rice Shells, 12 Ounce;80;70;120
B008X7EEPO;Maldon Salt Pinch Tin - 0.35 Oz.;107;60;140
B008X8N78I;Kikkoman Mix Tempura Batter;106;90;110
B008X8PRWM;NOW Foods Date Sugar, 1 lb;92;70;110
B008XM7Y3I;Typhoo Decaf 80 Bags 3 Pack;72;60;80
B008Y2QZ46;Tabasco Pepper Sauce, Garlic, 5 Ounce;164;80;170
B00915BHWU;Bovrite Beef Spread 4oz;129;100;160
B009192VJO;Torani Sugar Free Peppermint Syrup 750mL;133;60;160
B0092K4C7G;Yuki Toppogi / domestic 200g;129;70;180
B0093ZTUEA;Shirakiku Rice, Koshihikari, 15 Pound;88;80;90
B0094GCZZE;Hoosier Hill Farm Carob Drops, 1 Pound;84;20;150
B0094LPIVM;We Got Nuts Walnuts in Shell 4 Pounds;84;80;90
B00961CUXO;Ale 8 One Soda, 12 Ounce (12 Cans);199;60;230
B0096MPAWQ;Cup4Cup Gluten Free Flour, 3 lb;164;90;200
B0096POTKM;Fini Balsamic Glaze, 8.45 Ounce Bottles;69;30;100
B0096S6OX4;Steel Cut Oats - 50 Pound Bag;110;70;150
B0097FMQVK;Dough Conditioner - 4 Pound Can;98;70;170
B0097TYQQ4;Killer Hogs The BBQ Rub 12 Ounce;230;110;120
B0097UW3EK;OLOS Chipotle Paste, 4 OZ;107;80;150
B0099QQDRU;Kraft Pure Honey Packets  (100 count );63;40;90
B009B4SZU8;Old El Paso Seasoning, Taco, 6.25-ounce;123;40;150
B009C9BSGK;Hoosier Hill Farm Clear Jel, 1.5 Lbs.;123;120;130
B009CBH128;Trader Joe's Banana Chips 8 Oz Pack of 3;123;40;150
B009D2N972;Bauducco Panettone Original, 26.2 oz;89;50;110
B009F2WFBG;Ranch Style Beans, 15oz Can (Pack of 6);129;90;140
B009G1N8GC;Twinings Tea Lady Grey Tea, Decaf, 20 ct;134;50;150
B009G749RI;LorAnn Oils Emulsion, Raspberry, 4 Ounce;122;40;150
B009G74AXG;LorAnn Oils Emulsion, Banana, 4 Ounce;46;40;60
B009GGTM30;Hammons American Black Walnuts,24 Ounce;49;40;150
B009I2ME8C;UMPQUA OATS VARIETY PACK Case of 12;65;50;200
B009POTGE8;Clover Honey (5 Pound) Grade A;175;70;190
B009Q8SF90;Rodelle Cinnamon Sticks, 8 Ounce;123;70;140
B009QPS4QW;Hotlix scorpion suckers (set of 4);82;70;120
B009RUSCPE;Central Grocery Olive Salad 32 oz;109;70;130
B009S7LL3Q;Good Earth Tea Matcha Maker Pack of 3;134;50;150
B009SJBEHC;LEM Backwoods Snack Stick Variety Pack;116;90;180
B009SL5EBM;Al Wadi Water Orange Blossom 10.6 Ounces;110;70;140
B00A1V1ZCK;12 Count Warheads Candy Cane;60;40;160
B00A8HSA52;Charleston Chew Vanilla Bulk (120 Ct);96;80;150
B00AB1ZR38;Queen Anne Cordial Cherries 40pcs 26.4oz;100;60;150
B00AB2FKQQ;Wang Zhihe Pure Sesame Paste;92;60;160
B00ADZA4SA;Tully's Coffee Hawaiian Blend 48 K-Cups;117;50;150
B00AE84VG2;Filthy Olive Brine Juice - 12 oz;111;90;160
B00AFFE2VI;Natural Caramel Flavor - 4 OZ;101;90;130
B00AGMJIKK;Archway Cookies, Iced Molasses, 12 Ounce;115;100;130
B00AIXRMT6;Pomonas Pectin Universal 3 Pack;106;70;120
B00AJRKHZC;Simply Organic Fennel Seed, 1.9 Ounce;91;80;140
B00AJRKMNE;Simply Organic Allspice, 3.07 Ounce;116;60;130
B00AJRKPE0;Simply Organic Pepper, White, 2.86 Ounce;85;40;130
B00AKEUK4M;Senseo Breakfast Blend - Pack of 2;131;60;160
B00ALMAU48;NATURES BAKERY BAR FIG WHLWHT BLUEBERRY;133;130;140
B00AOQDMJ6;Kikkoman Unagi Sushi Sauce 11.8 oz.;66;20;130
B00AP70BKC;Prince of Peace Tea, Black, 100 Count;125;60;130
B00APORR1Q;Swerve Sweetener, Packets, 120ct;74;40;130
B00APU1AUO;Mini Takis Fuego (9 Bags-1.2oz);190;90;100
B00AQB146W;Luxardo Maraschino Cherries, 418 mL;140;40;100
B00AQZ80ZG;Taveners Wine Gums, 5.8 oz., Two bags;57;50;140
B00ATAI4HC;Kevala Avocado Oil, 128 Fluid Ounce;71;30;120
B00ATGXZFC;Morton Coarse Kosher Salt - 3 Lb Box;84;40;120
B00AU4N5D0;1# Jar Colored Coconut Oil;84;80;140
B00AW48R1I;Gypsum- 2 oz.;110;60;140
B00AYQB9DC;Pure Almond Extract - 32 Oz Bottle;71;40;120
B00AZDDFYK;Knorr cup soup Variety box 30 packs;116;110;120
B00AZDDGI0;Knorr cup soup corn cream 30 packs;108;20;230
B00B03VQIQ;Torani Sauce Sqz Choc White 16.5 OZ;120;80;150
B00B04J55Q;Country Crock Margarine 5 Gram, 300 ct;80;50;110
B00B0CM3FC;Valrhona Pure Cocoa Powder, 8.8 oz.;98;60;130
B00B2QC1AS;Sweethearts Bag 7oz;54;50;60
B00B3XVEFS;See's Candies 8.4 oz. Cinnamon Lollypops;99;90;100
B00B42PB1G;Nutiva Coconut Oil, 14 Ounce;64;60;100
B00B446GE0;Shirakiku Inarizushi No Moto 10z;96;30;110
B00B4IG3GM;MCK ORGANIC CELERY SEED 1.62OZ;156;60;160
B00B4OIJPO;Hikari Shio Koji, 19.4 Fluid Ounce;98;90;100
B00B607QHS;Miracle Noodle 5 Flavor Sampler Pack;89;70;130
B00B6DG5CW;Alphabet Pasta Noodles - 3 Lb Tub;74;60;140
B00B75BINU;Tea L'Original MARIE-ANTOINETTE PINK TIN;75;30;110
B00B8DU1QQ;Kevala Organic Toasted Sesame Seeds 2Lbs;116;50;120
B00B9SX92I;Paesana Non Pareil Capers 32 Oz;175;60;210
B00BA4MRCE;Gravy Master (5 Oz Bottle);88;80;90
B00BB0QFIY;Kevala  Organic Sesami Tahini, 16 Ounce;170;80;90
B00BBFZJNQ;Hoosier Hill Farm Wasabi Peas, 2.5 lbs;164;100;170
B00BCXRFHK;Kirkland Pacific Bold K-Cups, 100 Count;116;70;180
B00BE4Q514;Girl Scout Thin Mints Cookies, 9 OZ;81;80;90
B00BERFBQQ;Swanson Communion Wafers 1000 CT;94;70;130
B00BF0E7CQ;Professional Dough Improver - 1lb Bag;87;70;130
B00BF44KYW;Haribo Dinosaurs Gummy Candy (5 oz Bag);99;90;100
B00BFF6WEW;Cherry Tootsie Pops 30 Pops;107;70;120
B00BFGK65M;Chai Vanilla Tea Decaf 18 Bags;133;30;160
B00BGSCYKO;Chiclets, Chicle Tabs, 1LB;99;90;100
B00BH5M26W;Manischewitz Matzos, 10 Oz. (Pack of 3);91;90;100
B00BHFACX2;Weight Watchers Caramel Wafers X 5 92G;33;30;90
B00BHFE3A0;Splenda Sweet Minis 500 Tablets;91;30;140
B00BHFESJG;Walkers Classic Variety Crisps 22 X 25G;93;90;100
B00BHNV8N2;WRIGHT'S Hickory Liquid Smoke - 3.5 Oz;58;10;170
B00BHXIIFI;Snapple Peach Tea K-cups, 22-count;95;50;120
B00BI0WF22;Chef's Quality Celery Seeds, 16 Ounce;98;30;110
B00BIFC4XC;Appletiser 6 X 330ML;124;80;160
B00BJ53OJE;Kevala Organic Coconut Butter, 16 Ounce;173;110;180
B00BLBUU9I;Big John's Pickled Eggs - Gallon;60;50;110
B00BMJR13M;Jansal Valley Ras El Hanout, 2.5 Ounce;240;70;170
B00BNMS7WW;Lemonhead Lemon Head 4 Pounds;41;30;190
B00BO0GQXU;Joe's Kansas City BBQ;87;70;90
B00BPAAMHU;Killer Hogs The BBQ Sauce;98;60;120
B00BPEM2R4;Bigelow Tea Chai Spiced 20bg - 3 PACK;82;70;130
B00BPEWFDA;Jelly Belly Hot Cinnamon Bears-1 LB;100;80;120
B00BPHH794;Bursting Popping Boba 3 Flavor Fun Pack;104;100;130
B00BPJJ0ME;Healthworks Organic Chia Seeds Raw, 1lb;147;70;150
B00BQX62ZC;Napoleon Nonpareil Capers, 8 Ounce;130;30;100
B00BR4C5W4;Pistachios, In-Shell Salt Free, 5 Pound;210;50;160
B00BRFLR7M;Lupina Lupin Flour;51;50;80
B00BSD7ZF6;Healthworks Organic Chia Seeds Raw, 3lb;82;50;100
B00BT0PUDW;Frenchs Chili Mix 1.75 Oz-6 packets;56;40;70
B00BTL3LXM;Coca-Cola Cans, 12 Ounce(35 count);85;70;100
B00BY78O7Y;Wine Country Gift Basket Bon Appetit;92;90;110
B00BY78O60;Wine Country The Connoisseur Gift Basket;170;50;190
B00C0B0OB2;Chupa Chups Assorted Lollipops, 1 LB Bag;122;30;190
B00C0BRWGC;Species Macadamia Nut Oil 32 SVG (1);133;60;140
B00C0TE6Z4;Maskal Teff Ivory Teff Flour, 16 Ounce;77;50;110
B00C163M42;Klement's Ham Sticks, Honey, 8 Ounce;90;80;150
B00C2UCB2G;Torani Lavender Syrup, 750 ml Bottle;102;40;130
B00C3H9OEG;Spree Chewy Candy, 1LB;58;50;60
B00C7AY9Y4;20 Nespresso Capsules Livanto Coffee;102;80;110
B00C9KB1MU;Great Low Carb Everything Bagels 2 Bags;179;70;180
B00C9Z9N34;Whirl Butter;111;30;140
B00CA68U1I;Nutella Hazelnut Spread Tub, 105 Ounce;124;80;130
B00CA8O6TQ;IBC Root Beer Barrels 1.5 Lb;78;40;160
B00CAK196M;ChocoRite Dark Chocolate Bars, 5 Ounce;97;40;130
B00CBHR1NY;Bird's Custard Powder, 600g Canisters;42;40;90
B00CBO2YSO;White Jordan Almonds (5 Pounds);80;40;140
B00CBXW3IG;Bit O Honey, 5LBS;210;100;110
B00CBXV89G;Bit O Honey 1LB;101;90;110
B00CF5F6HU;Andy Capp's Hot Fries, 0.85 oz, 72 Pack;94;60;100
B00CIB6QUM;Grippo's BBQ Potato Chips (1.5lb Box);88;40;100
B00CIDBK6A;Storck Knoppers 10 Pack - 250g;145;90;180
B00CJ27NJS;Bay Leaves, Ground-4oz-Bay Leaf Powder;54;40;100
B00CJ8K9KW;Grey Poupon Dijon Mustard, 16 oz Jar;95;80;190
B00CJDX558;NOW Foods Organic Brazil Nuts, 10-Ounce;94;90;100
B00CJFDIXA;2 Lb. Raw Pistachio Kernels;186;40;190
B00CL3ICL8;We Got Nuts Sunflower seeds raw 5 pounds;72;60;120
B00CLGUKKG;Mahatma Whole Grain Brown Rice, 2 lb.;51;50;110
B00CLULB28;NERDS Gumballs (1 pound);104;80;170
B00CLYPGDY;Kikkoman Gluten Free Soy Sauce, 10 oz;95;60;120
B00CMGRNAK;MiaBella Balsamic Vinegar;71;40;80
B00CMVR5VC;Margaritaville Mixer Margarita;92;80;100
B00CMX5BVQ;Maldon Smoked Sea Salt Flakes, 4.4 Ounce;38;30;160
B00CNR8F5K;A Vogel Salt Sea Herb Amare, 8.80 oz;122;60;210
B00COCUM96;Tone's Bouillon Cubes, Chicken, 32 Ounce;171;20;210
B00CQ7SLOW;Walden Farms Caramel Syrup Calorie Free;62;50;110
B00CR58346;Swanson Chicken Broth - 32 oz. - 3 ct.;31;30;80
B00CSPMBDE;Qbubble Tea Powder Thai, 2.2 Pound;130;30;100
B00CSPMB9I;Qbubble Tea Taro Powder, 2.2 Pound;72;50;90
B00CSVD1KK;Cry Baby Tears, 1LB;78;70;140
B00CSVW6V0;SweetGourmet French Burnt Peanuts, 2lb;38;20;100
B00CWAMS1U;Swad Spice Garam Masala Powder, 7 Ounce;109;100;160
B00CXAEPHE;Snapple Iced Tea, Raspberry, 22 Count;99;70;150
B00CXTI0SA;In Shell Pecans 2 Pound Bag - Oh! Nuts;75;50;100
B00CZBU18S;Pennant Red Cherries, 8 Ounce;141;50;160
B00D0H1YLO;Holland House Cook Wine Marsala;113;90;130
B00D16FAEQ;Barry's Tea Original Blend 80 Teabags;78;70;90
B00D49G80K;8 Oz. Pistachio Paste;137;50;140
B00D4NR094;Magic Seasoning Blends Ssnng Poultry;82;60;130
B00D6BN296;Walkers Cheese and Onion Crisps 12 Bags;36;20;60
B00D6ITSEM;Bisto Gravy Powder 1lb 4pack;71;50;200
B00D6Q9E3E;Ghirardelli Mocha Frappe, 3.12 Pound;95;80;120
B00D83D7EW;Hormel Tamales Beef;73;60;130
B00D8CR7W6;Nonni's Biscotti Limone 6.88 oz 2 Pack;45;40;120
B00DC49DI6;Touch Organic Organic Green Tea;56;50;150
B00DC4IV9I;Dandies Vegan Marshmallows (3x10oz);117;50;130
B00DD14PCW;Hoosier Hill Farm Mustard Powder, 1 lb.;84;70;110
B00DE23ETA;Hawaiian Huli Huli Sauce (3 Bottles);122;100;140
B00DE2N0BM;Hawaiian Huli Huli Sauce (3 Bottles);76;60;170
B00DF6XFYE;8 Pack Skyline Chili Original 15oz Cans;97;60;130
B00DGDIRJO;Sweet Leaf Stevia Clear, 2 fl oz (60 ml);126;80;170
B00DGDLDEU;Bonne Maman Cherry Preserves (6x13Oz);123;100;150
B00DGL4T3O;Sun Brand Madras Curry Powder, 1 Pound;84;50;90
B00DJRRMHU;Lea and Perrins Sauce, (Pack of 2);81;80;90
B00DLMVHQ0;Healthworks Cacao Nibs Organic, 2lb;190;90;100
B00DP8QEDG;Great Bazaar Swad Fennel Seeds, 7 Ounce;79;30;130
B00DPNY9UG;Armour Roast Beef, 12 Ounce;64;60;90
B00DQV4DF8;Turkish Apricot Large 5 Lb Bulk Bag;63;50;130
B00DTJ1Z4O;Weber Grill'N Spray 6 Oz. - Pack of 3;74;50;120
B00DUF2LNQ;Double Devon Cream (6 ounce);84;50;140
B00DUF219A;King Arthur Flour Espresso Powder, 3 oz;61;60;70
B00DUF4DIC;King Arthur Flour Black Cocoa;106;70;130
B00DUO2GNM;Secret Aardvark Combo 3-Pack, 8 fl oz;71;50;150
B00DUOB5YI;Torani Syrup Pump, 750 ML;220;80;140
B00DVWWS7C;Red Star Yeast Jar Quick Rise;160;60;100
B00DWXM73A;Haribo World Mix from France 500 grams;171;80;180
B00DX50B0I;Blue Mountain Country Curry, 22 Ounce;112;50;140
B00DX5JBIQ;Belle + Bella Non Dairy Yogurt, Starter;109;80;170
B00DY0B1GU;Pennant Red Cherries, 16 Ounce;86;70;100
B00DY0AYO0;Pennant Diced Lemon Peel, 8 Ounce;96;50;130
B00DY0B2X2;Pennant Deluxe Fruit Cake Mix, 16 Ounce;52;50;60
B00DY0B03O;Pennant Asst Pineapple Wedges, 8 Ounce;95;50;110
B00DY0AXHI;Pennant Diced Citron, 8 Ounce;86;50;160
B00DY7MGD0;Achiote Molido ,Annatto Powder, 2 Oz.;85;70;90
B00DZGF59M;Al Wadi Pomegranate Molasses 14 Oz;74;70;80
B00E0N3RPS;Tamicon Tamarind Paste;127;110;140
B00E0NSO5G;Savoie's Old Fashioned Roux Dark 32 oz;66;60;120
B00E1EK81W;Skittles Original Candy, 9 ounce bag;240;70;170
B00E1Z5D2U;Badia White Pepper Whole, 1.3725 Pound;45;40;140
B00E2181U4;Chosen Foods 100% Pure Avocado Oil 1 L;190;90;100
B00E22RXMA;Badia Cumin Seed Whole, 16 Ounce;131;50;140
B00E230CKE;Frito-Lay Flavor Variety Pack, 50 Ounce;95;80;100
B00E3J9QSG;Asparagus, 1 Bunch;98;50;130
B00E3J8XHQ;Broccoli, 1 Bunch;68;30;170
B00E3JL3P0;Romaine Hearts, 3 ct;91;60;160
B00E3W9K5M;Chompies Sesame Low Carb Bread 2 Loaves;114;50;140
B00E4DDTMK;16CT DonutShop Vue Packs;138;90;140
B00E4TJB8U;Champagne Bubbles, 2LBS;97;80;110
B00E4YNRNA;Liberty Orchards Fruit Delights;14;10;90
B00E5VSCQO;Tamicon Tamarind Paste, 16 Ounce Units;136;90;160
B00E6MMOPC;KP Skips Prawn Cocktail 20 Pack;72;50;130
B00E6P0B04;Kappa Carrageenan (Refined) - 2 Ounces;85;80;100
B00E80UWJW;Spice Dragon Red Chai 18 Bags;122;100;140
B00E8PX3AM;Willy Wonka Runts 5 Lb Bulk;130;60;70
B00E9IU0JK;Pomegranate Tootsie Pops 60 Pops;63;60;80
B00E9M7FQW;Lorann Oils Pineapple 1 Ounce Flavoring;86;80;120
B00ECCEOYA;Luzianne Iced Tea Tea Bags - 100 ct;142;110;150
B00ECEIG0Q;Marmite 250g Single Pack;67;50;80
B00EIN9V0A;Numi Organic Tea Variety Pack of 3;97;40;130
B00EJYTDTC;Aunt Patty's Tamarind Paste, 12 Ounce;102;80;130
B00EKLPLU4;Healthworks Cacao Powder Organic, 1lb;55;50;160
B00EO5R0YQ;Cod Liver In Own Oil,4.3oz,10 pack;112;110;120
B00ERWVI8A;with Stevia;128;90;130
B00EWUEOAQ;Gumi Gummi Stone, Fine, Red;82;60;190
B00EYNW502;Larabar Variety Pack, 18 Count;64;60;130
B00F1YN6GK;Gummi Bears 1LB (Beary Blue Raspberry);115;70;170
B00F58VXU8;Alpine Touch 16 Oz All Purpose Seasoning;116;60;150
B00F6ZOC0S;Good Shit Seasoning;150;40;110
B00F8FHRF8;Peychaud's Bitters - 5 ounce;76;50;100
B00FAYX1ZC;Hot and Sour Soup;83;70;200
B00FBGKCHE;Broadway Basketeers Gourmet Gift Basket;86;80;170
B00FBSST9K;Hikari Organic Miso Paste, Red, 17.6 oz;153;40;170
B00FCG5728;Watkins 2 Oz. Coffee Extract;136;100;160
B00FCJXSNK;USDA Organic Turmeric Whole Raw Root;92;50;130
B00FCZHEAW;DESIGNCAD V22 (2D CAD PROGRAM);104;100;110
B00FDGEIRC;Cholula Hot Sauce Packet - Bundle of 100;94;60;120
B00FFZQ1RG;Barry's Tea Gold Blend 80 Count 2-pack;118;80;160
B00FH7FWSG;Trader Joe's Raw Pignolias (Pine Nuts);170;40;130
B00FJ6PYII;FROOTIES ASSORTED MIX (BULK) 4 pound;49;30;70
B00FKBUSW4;Starbucks Classic Hot Cocoa, 30 Ounce;134;90;170
B00FLJYPF6;Utz Jumbo Snack Pack, 43.25 Ounce;153;80;160
B00FLQIBUY;Sweet N Low Zero Calorie, 8 Ounce Bottle;84;60;110
B00FNG8YOU;Johar Joshnda Instant Herbal Tea,30 Bags;71;70;100
B00FOXKYPY;Gummi Bears - Blue Raspberry, 5 lbs;104;100;110
B00FPHYZ4K;Organic Three Cinnamon Herbal Tea;163;60;200
B00FSBYIYA;Cinnamon Stick 3.5oz;97;80;140
B00FTBR2SS;Glee Gum Pouch, Bubblegum, 3 Ounce;129;20;150
B00FUMIYGK;Gebhardt CHILI POWDER 3oz (3 Pack);151;60;230
B00FVXS7FG;Albanese 12 Flavor Gummi Bears;114;80;120
B00FX6NHRE;Assorted Fruit-Filled Candies, 5 Lb Bag;56;50;90
B00FYDB5UC;Hawthorn Berries Tea Organic 24 BAG;97;80;120
B00FZ18PPG;Chimes Original Ginger Chews, 1lb Bag;165;30;180
B00G2JK47W;Badia Bacon Bits Imitation, 14 Ounce;113;50;140
B00G6KGXAE;Mochiko Sweet Rice Flour (Pack of 3);81;50;240
B00G6P7U2E;Candy Blox Blocks 3 Pounds, 3 Pound;97;50;130
B00G7OGLPQ;Caramel Apple Pops;80;40;100
B00GCCZ1O0;Tootsie Fruit Rolls Assorted, 3lb Bag;105;70;130
B00GCDFRYS;Maldon Sea Salt Flakes Pinch Tin;71;40;80
B00GCDPLC6;King Arthur Flour Pizza Dough Flavor;103;70;160
B00GGBM49M;Sun Tropics Dried Young Coconut 20oz;37;20;80
B00GK81HVW;5 oz. Chef's Jar - Cyprus Flake Salt;122;20;150
B00GNHD60K;Mochiko Sweet Rice Flour (Pack of 2);118;60;170
B00GO5MEZY;100% Palm Oil - 16 Fl Oz;84;80;90
B00GOBLEF4;Chimes Mango Ginger Chews, 1lb Bag;80;60;100
B00GODIBMQ;Chimes Ginger Candy, 1lb Variety;129;50;130
B00GQBVXDK;Starbucks VerismoTM Milk 72 Pods;113;40;140
B00GRRF0EG;Lychee in Syrup - 20oz (Pack of 6);100;60;150
B00GRS0BUI;Ahmad Tea Cardamom Tea, 100 Count;79;70;120
B00GSZMR48;Mini Baby Ruth Chocolate, 5LBS;65;60;100
B00GUPCUQG;Albanese Tropical Rainforest Frogs (1Lb);120;100;130
B00GVMLZH8;Abuelita Instant Cocoa, 8 Ounce;290;100;190
B00GXAL1CM;Thai Shrimp Paste, 3.10 Ounce;94;60;120
B00GZ1RGM8;Nipits Licorice Pellets;83;70;160
B00GZUHK52;Cede Smarties Bulk 10 LBS. Case;127;90;160
B00H2AAXMQ;Lily's Dark Chocolate Chips- 1x9 OZ;1340;510;830
B00H3TAUG0;Knox Gelatine Original - 4 CT;130;60;70
B00H3TCGBW;Folgers Coffee Singles (19 per box);103;70;110
B00H3TMILK;Platinum Superior Baking Yeast - 3 CT;51;40;80
B00H3TTF34;Herr's Old Bay Potato Chips, 9 Ounce;150;100;170
B00H3VQ8T6;Mulling Spices;79;30;160
B00H4ABP08;Organic Azuki Red Beans - 16oz.;163;120;170
B00H4MEU76;Daelmans Stroopwafels, Caramel, 8.11 oz;116;50;160
B00H5INMZU;Spice Appeal Rosemary Seasoning, 8 Ounce;83;40;180
B00H898MUG;Arrowroot Powder 4 Ounces (1/4 Pound);81;80;100
B00H89BI6Q;Arrowroot Powder 16 Ounces (1 Pound);132;50;140
B00HAS1SVU;Butler Soy Curls, 8 oz. Bags (Pack of 3);220;80;140
B00HF8IOAS;Yogi Tea - Kava Stress Relief, 16 bag;104;90;150
B00HFGFBF6;Chimes Mango Ginger Chews, 2-pound Bag;62;60;70
B00HLM2TW2;Ferran Adria Spherification Spoon;116;100;120
B00HRTZM78;Texas Pecan, Whole Bean, 2 Pound;51;50;60
B00HRTZM3M;Texas Pecan, Ground, 2 Pound;84;80;90
B00HS52X78;Post Grape Nuts - 20.5 oz;41;40;120
B00HTWLZA6;Grandma's Cookies Variety Pack, 36 Count;94;70;140
B00HUJUK6S;24 Mantra Organic Jaggery Powder;121;50;150
B00HVAWB2M;Mountain House Apple Crisp;200;80;120
B00HVAWB54;Mountain House Biscuits and Gravy;85;40;100
B00HZNBM7K;Peak Dry Whole Milk Powder, 2500 Gram;81;80;90
B00I01QFQE;Glee Gum Peppermint Pouch 2.9 Ounces;85;80;90
B00I217EUS;Cheese Fondue, Emmi (14 ounces) (2 pack);99;40;100
B00I32VBD2;Brachs 12- 6oz. Peppermint Candy Canes;51;30;100
B00I3303L2;Reese's Peanut Butter Sauce 4.5 Lbs.;70;40;110
B00I5OMFWO;Brown Sugar Bacon Jerky Candied Bacon;128;120;130
B00I6CRQX8;Spice Appeal Thyme, Whole, 9 Ounce;96;50;190
B00ICSHUPA;Sadie's of New Mexico Hot Salsa;50;40;90
B00ICT9MS2;PG Tips Decaf 70 Ct Tea Bags - 4 Pack;60;30;120
B00IDEL1ZI;Pistachio Butter - Raw Unsalted;230;90;140
B00IHO705E;Reese Golden Smoked Trout, 3.75-Ounces;83;40;130
B00IJJCMN2;PG Tips 240 Bags 3 Pack (720 Bags Total);124;90;140
B00IJJS9N4;PG Tips 160 Bags 3 Pack (480 Bags Total);160;40;120
B00IK3BEH2;Jack Rudy Tonic Syrup (2 - Pack);91;60;110
B00IO1UO5I;Droste Cocoa Powder, 8.8 Ounce;96;60;130
B00IO4NB0A;Rose's Grenadine Syrup 25 Fl Oz;101;80;110
B00IX2LTK2;Wellbee's Cashew Flour (1 LB.);98;70;150
B00IXTJYBG;Effie's Homemade Oatcakes (6 Pack);133;70;180
B00IYYBCH4;Indomie 6 Flavor Variety, 30 Pack;210;100;110
B00IYYE366;Wonka Pixy Candy Sticks, 2 Pound;95;60;110
B00IZLOI7M;Organic Pure Maple Flavor 4 oz, 4 Ounce;55;50;90
B00J0KU9FC;Cheetos Xtra Flamin Hot, 9 oz;131;50;170
B00J4B1TAQ;Minor's Bacon Base, 16 Ounce;58;50;100
B00J4B1RLM;Minor's Pork Base, 16 Ounce;124;50;160
B00J6IL12I;Trader Joe's Manuka Honey 10+ (8.8 oz);63;30;100
B00JBH1NVI;KP Hula Hoops 6 Pack BBQ Beef;84;30;130
B00JFBAT0G;Nu-Salt, 3-Ounce Shaker (Pack of 6);81;20;170
B00JH638SO;Palm Sugar - 1lb;200;80;120
B00JJ6M2BQ;Jiffy Corn Muffin Mix - 6 ct;58;50;130
B00JKM7YK8;Kraft Mac N Cheese Cheddar Cheese Powder;65;40;110
B00JLS221C;Ultimate Organic Starter Spice Gift Set;77;50;120
B00JLZCO6I;Matouk's Hot Pepper Sauce, 26 Ounce;88;70;120
B00JNA0YBS;Country Time Pink Lemonade 5lb 2.5oz;126;100;130
B00JNIG630;WASA CRISPBREAD MULTI GRN, 9.7 OZ 4 Pack;147;80;150
B00JOUY206;Kevala Organic Sesame Flour 2 lb;83;70;100
B00JPJYBM0;Bigelow Cranberry Apple Tea (Box of 28);97;90;100
B00JRDFL7S;OliveNation Chocolate Extract, 8 Ounce;104;80;130
B00JVWJR70;Healthworks Cacao Powder Organic, 2lb;117;60;170
B00JYK71PE;Jolly Ranchers Watermelon - 1 Pound;49;40;80
B00JYK73A2;Starburst Lemon - 1 Pound;113;30;120
B00JYK73G6;Starburst Cherry - 1 Pound;82;20;120
B00JYK75OG;Jolly Ranchers Blue Raspberry - 1 Pound;104;70;160
B00JYK75GE;Jolly Ranchers Apple - 1 Pound;95;60;130
B00JYK5DX6;Starburst Strawberry - 1 Pound;160;80;170
B00JYK7MTO;Hall's Peanut Brittle, 13 oz;109;70;120
B00K05OU3I;Nespresso VertuoLine Altissio Espresso;108;80;110
B00K4PQC3A;Thai Kitchen Paste, 35 oz;89;40;100
B00K57JJ96;Zen Reflections Juniper Bonsai;125;110;150
B00KACQMK0;Flavor God Seasonings, 5oz, Pack Of 4;91;70;130
B00KC44YJM;Pur Gum, Peppermint, 2.82-Ounce, 2 Pack;78;70;90
B00KGC89FK;Gosling's Ginger Beer 12 Oz - Pack of 24;87;30;110
B00KGOJFK6;Carbquik Baking Mix, 3 Lbs (2 Pack);130;100;140
B00KH0KV9I;teapigs Lemon and Ginger Tea, 1.32 Ounce;94;40;110
B00KH0KVSO;teapigs Chai Tea Temples, 50 Count;123;60;160
B00KH0KV7A;teapigs Mao Feng Green Tea, 50 Count;169;70;180
B00KH0KYEU;teapigs English Breakfast Tea, 50 Count;84;80;90
B00KHATJUK;Good and Plenty, 6-Ounce Box (Pack of 6);82;60;120
B00KLEV3OM;Chocolate Babka;110;80;130
B00KNCVYXM;GemWraps Mango Chipotle Sandwich Wrap;66;40;120
B00KO2UEAA;Nesquik Banana Flavour 300g;87;80;90
B00KO3C77M;Hodgson Mill Flour Rye, 5 lb;65;60;150
B00KO3O1BC;TEA,LIPTON,REGULAR,100PK;132;80;160
B00KO8B80O;Tic Tac Orange Mints 1 OZ (Pack of 24);75;40;100
B00KOB74V8;Cajun Gumbo Base - 5 oz (Pack Of 3);115;60;140
B00KOB1OOG;Tapatio Sauce Hot 5 oz (pack of 2);59;30;80
B00KOBP1H2;JUNKET RENNET TABLETS VNLA 8CT, 0.23 OZ;77;70;90
B00KPTP2FY;Stash Tea Chai Green Tea, 20 ct, 2 pk;131;40;160
B00KPVF7VG;Sunsweet Prune Juice - 5.5 oz - 2 pk;77;50;160
B00KPVF1VW;Sunsweet Prune Juice - 64 oz - 2 pk;119;70;140
B00KPX1W4U;Morton Salt Substitute, 3.12 oz, 2 pk;95;40;140
B00KPX2VGS;Famous Dave's Rib Rub, 5.5 oz, 2 pk;96;70;120
B00KPX1B6Y;Morton Salt Lite Salt, 11 oz, 2 pk;109;60;190
B00KQ0O3MA;NOW Foods Rice Bran - 20 oz - 2 pk;123;50;130
B00KQ0W65Q;Krusteaz Belgian Waffle Mix, 28 oz, 2 pk;139;110;160
B00KQ1B9JE;Bob's Red Mill Wheat Bran - 20 oz - 3 pk;61;50;110
B00KQ27TSI;Alessi Thin Breadsticks, 3 oz, 3 pk;117;80;140
B00KQU531A;. Hot Pink Mini Twisty Pops (24 pc);132;110;140
B00KQU5478;Silver Mini Twisty Pops (24 Pack);104;30;180
B00KROYN1Q;True Lemon Bulk Pack, 500 Count;129;70;160
B00KS3LH9M;Amoretti Sweet Corn Extract, 2 Ounce;99;60;130
B00KZ0JP6A;2-Ounce Premium Whole Bay Leaves;77;50;130
B00KZBAMPC;Frango Dark Mint Chocolate;82;50;130
B00L4JURMM;Organic Raw Tigernuts (12 oz);99;80;110
B00L5P5OZU;Vegemite 220g 3 Pack;102;100;110
B00L6F7AO2;Wonka Sweetarts Bulk 5 Lbs Bag by Wonka;106;60;160
B00L6F6G4M;Wonka Sweetarts Bulk 2.5 Lbs Bag;134;60;150
B00L737EZ8;Busy Bee Clover Honey Jug 80 oz;134;60;190
B00L8ULQY0;10 Rolls of Mentos Spearmint Candy;52;50;60
B00LB4REF8;La Choy Bean Sprouts, 14 Ounce, 12 Pack;45;30;140
B00LC9DA3W;Rowntree's Fruit Gum Roll 48g x 6;52;50;130
B00LFPRS0O;1 Lb Powdered Pine Gum Rosin;92;40;100
B00LITTU80;Chiclets, Chicle Tabs, 5LBS;112;50;130
B00LKUHCX2;Starbucks Mocha K Cup - .35 oz , 16 cups;120;70;130
B00LM94S3I;Kernels Dill Pickle Popcorn Seasoning;49;40;130
B00LMNKUL8;NOW Foods Almond Flour, Raw, 22-Ounce;95;70;110
B00LNCSUSI;Dad's Root Beer Barrels, 1lb;95;50;120
B00LNTG14G;Coffee Nips Hard Candy 4 oz (Pack of 2);71;40;90
B00LX5ZR3G;Hershey's Skor Bar - 1.4oz (18 pack);104;80;160
B00M5HO8LI;Chopped Sea Clams 2/51 Oz.;113;60;120
B00M6S5DLU;Pork Clouds - (Habanero Pepper);144;60;160
B00M6X9R76;Smarties Multipack 4 x 38g;40;20;110
B00M9J81L0;Keurig 114685 Coffee Breakfast Blend;118;20;190
B00MAR2FM2;Haribo Peaches 1lb Sealed Bag;110;80;180
B00MC2NY9I;Blue Baby Sharks Gummy Candy Bulk ~ 1lb;78;60;120
B00MD780XM;Lebanon Valley Tahineh Extra 32 Oz.;82;70;100
B00MFC2ZWM;Bob's Red Mill Millet, 28oz;127;80;140
B00MFNFJ88;Numi Organic Tea White Rose Tea, 16 ct;85;60;150
B00MGDKM3Y;Utz Cheese Ball Barrels - 35 oz. - 2 pk.;84;60;140
B00MH7UY5K;Kara Coconut Cream 6.80 Oz (4 Units);103;70;140
B00MH7X5ME;AriZona Arnold Palmer (11.5 oz. 30 pk.);100;80;110
B00MIWNHOO;Gummy Worms Bulk 1 Pounds;54;40;140
B00MN2ZD96;Bob's Red Mill Mung Beans, 27 oz;73;30;160
B00MNFU27G;Ronzoni Pastina - 12 oz - 3 pack;163;80;170
B00MNTRVPS;Baja Precious - Avocado Oil, 1 Gallon;130;30;100
B00MPTQU0I;Giovannis Paste Anchovy 2 Oz Pack 3;62;60;70
B00MTBHMZO;Essentia Enhanced Water - 20 oz - 24 ct;102;80;110
B00MULG362;Walkers Crisps - Prawn Cocktail (6x25g);72;50;80
B00MUMJBNI;Walkers Crisps - Tomato Ketchup (6x25g);68;50;100
B00MUMGE06;Walkers Crisps - Pickled Onion (6x25g);116;40;160
B00MWTWEGU;Heinz Beans 6pk;118;100;160
B00MZBTU26;Extreme Karma;71;60;100
B00N1UISB4;Marmite Yeast Extract (500g);121;100;140
B00N7JG5QE;Taco Bell Mild Sauce, 7.5 oz, 3 pk;55;50;130
B00N7JG7SA;Taco Bell Hot Sauce, 7.5 oz, 3 pk;98;80;140
B00N7JWM2A;Sweet 'N Low Nu-Salt - 3 oz - 2 pk;85;80;120
B00N9UGRZK;Tazo Wild Sweet Orange Herbal Tea, 20 ct;85;70;120
B00NAZK8PY;Twinings Prince of Wales Tea, 20 ct;85;80;120
B00NC9H2R0;Mcvities Rich Tea 300g (4 Pack);45;30;100
B00NCMFJVS;Buckwheat Groats 900g/31.7oz (Pack of 6);103;90;160
B00NFTJXVU;Green Mountain Half-caff Hazelnut K-cups;116;60;170
B00NG3T018;Charms Blow Pop Assorted - 100 Ct. - SCS;133;80;150
B00NHXPBEW;DOMINO SUGAR PACKETS - 200/ 3.54g Packs;63;40;160
B00NO583PM;Carolina Reaper Powder;123;30;130
B00NPPCJ2O;Heinz Cleaning Vinegar, 1 gal;130;50;80
B00NT36LIK;Blue Sizzlers Bacon-Style Dog Treats;122;110;140
B00NX51DXM;Abuelita Mix Inst Hot Choc 8-1z;60;50;160
B00O0X7GKA;Everest Pav Bhaji Masala 100g;101;60;130
B00O1QQXLY;Cadbury Drinking Chocolate 500g 2 Pack;115;80;120
B00O2ADDP8;New Mexico Green Chile Powder;97;90;100
B00O8U2K0Q;4 - 18 0z. Barrels Utz Pork Rinds;99;70;130
B00OD2BRKS;Universal Bakery Organic Aussie Bites;135;40;210
B00OEQ8L8E;Jovial Organic Einkorn Flour (Pack of 4);78;40;130
B00OHXFFRE;Good To Go Thai Curry;49;20;130
B00OJCU3RA;Simply Organic Starter Spice Gift Set;111;80;220
B00ONMN27Y;JHC Pure Palm Sugar 16 Oz;76;70;110
B00OSKQGAG;Healthworks Cacao Powder Organic, 5lb;103;60;130
B00OSL0LQA;Healthworks Cacao Nibs Organic, 5lb;200;80;120
B00OVHVYEY;Kalles Kaviar 3-Pack;102;30;150
B00OX8AIH0;Krispy Kreme Smooth K Cups, 12 ct;108;100;110
B00OXX84EE;Bittermilk No.5 Charred Grapefruit Tonic;52;50;110
B00OYX9OLA;MANZELA JAPANESE STYLE PEANUTS 50/20GR;166;100;190
B00P4GFA3C;Healthworks Cacao Powder Organic, 3lb;92;70;100
B00P5FUQFY;Hershey's Nuggets Chocolate Assortment;93;40;130
B00P8GQSY8;Kinder Bueno Mini 108g;113;80;140
B00PD2B68K;NOW Foods Organic Coconut Flour,16-Ounce;96;70;120
B00PITA6BQ;Poland Spring Water, Sport Cap, 24 Count;67;60;170
B00PLTPSOI;Wufuyuan - Tapioca Pearl (8.8 Oz);140;100;150
B00PMNWOMM;Munkijo Nectar Coconut Org;77;30;130
B00PNPBJ6G;Bob's Sweet Stripes 5oz (3-packs);75;70;80
B00PO9IGJ4;Arrowhead Mills Puffed Rice Cereal, 6 oz;139;40;160
B00PODMSO4;Hickory Farms Original Hickory Selection;81;60;130
B00PR46SKK;McCormick Poultry Gravy, 18 oz. (2 pack);97;60;110
B00PUQ3GAA;Popcornopolis Zebra Popcorn, 11oz Bag;156;90;160
B00PUZA4XI;Boyajian Pure Lemon Oil, 3.4 Fluid Ounce;101;60;170
B00PWFHSOY;Marconi Hot Sport Peppers, 16 Ounce;86;60;130
B00PWZ80XM;Napoleon Assorted Fruit Sours, 1LB;93;80;140
B00PYM8VLE;Best Maid Dill Juice 1 Gal;152;50;180
B00PZ4YAD4;Get Bitten Black Mamba 6 Hot Sauce;41;40;90
B00Q04HQR0;Russkoe Pole Buckwheat, 53 oz;108;90;120
B00Q1TOFK0;Yissine Topokki Sauce, 5.2 Ounce;92;70;170
B00Q2WTB4G;NJO827783 - Non-Dairy Coffee Creamer;210;40;170
B00QKUYVGI;PUR Gum Coolmint, 2.8 oz, 2 Count;120;90;140
B00R0JDLBO;California Almond Butter - 16 Ounce Jar;75;70;90
B00R61LSWK;McCormick Chipotle Chili Pepper, 2.12 oz;91;80;130
B00RDE28E2;Jelly Belly 1.9 oz. Bean Boozled Bag;103;80;120
B00RR1XZZW;Starbucks Chestnut Praline Syrup;44;40;200
B00S19DEGY;Walkers Liquorice Toffee 1.25kg Jar;92;90;120
B00S745NCQ;Baja Precious - Grapeseed Oil, 1 Gallon;122;70;140
B00SLHZ1V2;Badoit Sparkling Water 330 Ml- 20 Pack;98;50;130
B00SLMLC4C;PUR Gum Spearmint, 55 Count, 3 Pack;150;70;80
B00SLMZHTI;Pur Gum Peppermint, 2.72 Ounce , 3 Bags;129;60;140
B00SOUGCLO;Necco Canada Pink Wintergreen, 1LB;62;60;140
B00SQ568IE;2  Poseymom Kombucha Scobys;53;40;70
B00T5RXCLS;Organic Aussie Bites 30 OZ. (2 Pack);100;60;170
B00T6MTUYK;Gourmet Organic Hazelnut Coffee (Ground);52;50;100
B00T70RNQ8;Argo Corn Starch 16 oz. Box (Pack of 4);82;60;150
B00T8K2CFO;Roasted garlic by Badia. 1.5 lb jar;178;60;180
B00TBFMXGE;Yellowbird, Habanero Sauce, 19.6 oz;113;90;120
B00TBW787G;Hormel Herb Ox Beef Bouillon 50 Packets;111;80;160
B00TGDO9AE;Sichuan Peppercorns 4 Oz.;141;70;160
B00TGOEYUI;Make Your Own Boiled Peanuts Kit;93;30;170
B00TVGOZH8;Brach's Christmas Nougats Bulk (5 Pound);55;50;90
B00TWUJPAK;Marukome Organic Broth, Miso, 13.2 Ounce;107;50;130
B00U1ZAU7W;Calbee Fruit granola 800g x 2 Packs;35;20;170
B00U5FRJCC;Pure Banana Extract 2 oz by OliveNation;70;40;150
B00U6E0W62;PUR Gum Cinnamon, 55 Count (pack of 2);47;30;80
B00U6UFR98;Organic Chia Seeds 2 Pounds;77;40;220
B00U7794QW;Jacobs Twiglets 6 Pack;74;70;90
B00U9VNG4C;McCormick Parsley Flakes - 2.7 oz.;73;70;80
B00UGK4S3Y;Bean Box - Gourmet Coffee Sampler;137;50;160
B00UPKS9SA;Sun Maid California Raisins;43;40;80
B00UQPPNEW;Tang Orange Powdered Drink Mix, 20 Ounce;102;90;110
B00UTZDFN0;Lyons Gold Blend 80 Bags (4 Pack);75;40;100
B00UW0B106;Pur Gum Cinnamon, 55-Count (Pack of 3);86;50;110
B00UYE7FK0;Soy Sauce Powder - 4 oz.;88;60;140
B00V3PQZQY;Poseymom Quality Kombucha Scoby;73;70;110
B00V5GYRPC;Fajita Sazon Rojo (Red Fajita Seasoning);76;60;90
B00V8TRZG4;CORTAS Rose Flower Water, 10 OZ;102;90;120
B00V9O1988;Rosarita Enchilada Sauce, 20 oz, 12 Pack;82;70;140
B00VBVJ760;Untapped Maple Syrup Athletic Fuel;93;60;140
B00VO2W9WK;Fry 'N Steakburger Seasoning;150;70;80
B00VWALA3I;Red Boat Salt, 8.8 Oz;76;40;100
B00VX6T9MU;Saladitos Con Chile (Dry Salted Plums);93;80;120
B00WGWZG3Q;TUMAROS Multigrain, 8 Count (Pack of 6);85;80;90
B00WH0MYZA;Hot Wasabi Green Peas 2 Lbs;48;40;120
B00WT1O8AG;Flowers - One Dozen Rainbow Roses;76;60;120
B00WU1OCWO;Szeged Sweet Paprika Seasoning Spice;50;40;130
B00WY33HV0;Tazo Tea Organic Tea - Sultry Strawberry;61;60;70
B00X1D0BLQ;Fresh Curry Leaves - 1.0 oz (With Stems);69;60;120
B00X4P6BH4;Richardson's Butter Mints 2 Lbs;64;30;210
B00X60O9VW;Medley Hills Farm Oat Bran 2 lbs;106;70;120
B00X8PAPL8;Yellowbird, Serrano Sauce, 9.8 oz;91;70;130
B00XABKB2I;In Shell Filberts (Hazelnuts) - 5 lb.;102;50;120
B00XGZCMKC;Dole Pineapple Juice, 144 Fluid Ounce;76;60;100
B00XHYE0JI;Baja Precious - Rice Bran Oil, 1 Gallon;188;40;190
B00XLNBLRY;Pringles - Paprika (190g) - Pack of 2;68;20;160
B00XMZ21J8;GOOD EARTH Blended Tea Original, 18 CT;136;70;150
B00Y1C97HU;Jif Peanut Powder, 6.5 Ounce;146;50;150
B00Y9M2706;Assorted Frooties Candy (3 Lb);63;30;130
B00YRCS85G;GARDELS Chimichurri Autentico, 8 Ounce;125;30;160
B00ZK8YIXW;Simply Organic Ground Ceylon Cinnamon;75;60;170
B00ZPR4P1I;Pirate's Lantern Pepper Sauce;94;80;100
B0101CKINK;Russell Stover's All Milk;56;50;140
B0106A30A0;Marie Sharp's Mild 10 oz. (Pack of 2);93;40;160
B010BUF0LC;McCormick Whole Black Pepper, 17.5 oz;102;60;150
B010CHS4DK;Bull Shit Steak Seasoning, Net Wt 12oz;121;120;150
B010QA47SY;PG Tips Extra Strong Tea 80 Bags;67;60;120
B010QZ062U;Ribena 1500ml - 2 Pack;99;40;150
B010WAD9E6;50 StoK Caffeinated Black Coffee Shots;108;70;110
B0112RYWLC;Bananarama, Banana Candy 2 Pounds;97;80;130
B0112UXTLI;Chivers UK Ginger Preserve, 12 Ounce;114;60;160
B01133LB1E;Bragg's Nutritional Yeast 4.5oz 2 Pack;190;60;130
B0118D8VDU;Bulk Skittles - 5 Lb Bag - Original;54;50;90
B011D5LEVY;Marmite Yeast Extract - 2 pack - 125g;34;30;70
B011LWRBES;Mike's Hot Honey 12 oz.;340;120;220
B011Q21H1G;Chicken Shit Poultry Seasoning;89;50;100
B0126T69J8;Frontier Fennel Seed, 16 Ounce;97;70;170
B012BQFPVY;LorAnn's 5 Best Selling Flavors;87;60;100
B012DH3KCC;Honeycup Mustard - 8 Ounces;139;90;140
B013F9N39W;Ribena Blackcurrant -1.5 Liter;58;40;160
B013H9TX58;Hime Japanese Ramen Noodles, 25.4 Ounce;104;60;110
B013HAD63M;Organic Raw Apricot Kernels, 16oz;77;60;120
B013J4QIZ4;Black Squid Ink Spaghetti;50;40;110
B013J4U73S;Chivers Lemon Curd Preserve, 11.3 Ounce;105;60;130
B013K0V7JO;Hoosier Hill Fruit Pectin, 2 lb bag;79;60;160
B013M4COAE;Badia Smoked Paprika 16 oz (1);97;70;100
B013OV10U0;OtaJoy Sushi Sauce for Rolls, 15 Ounce;115;90;130
B013PCK8M4;Volvic - 500ml -6 Pack;106;50;130
B013PHKYKK;Ribena Blackcurrant 1.5L - 3 Pack;89;40;170
B013PJKOZI;Dum Dum's Pops, 5.3 Pound;121;50;140
B01421IS4C;Bulk Skittles - 10 Lb Bag - Original;96;60;130
B0143HRZXK;Killer Hogs The BBQ Rub 12 Ounce;117;110;140
B0145KGBG2;Milliard Malic Acid 1 Pound;92;40;180
B014852HH6;TERRA Mediterranean Chips, 6.8 oz.;160;50;110
B014IACWTE;Kikkoman Gyoza Dipping Sauce 10fl Oz;90;70;110
B014V10S4Q;Lifesource Foods Oat Fiber 500 - 16 oz;46;20;150
B0151C287Y;Nitto Kocha Instant Royal Milk Tea 280g;141;90;190
B0153LK50K;Haribo Sour Gold Bears 1.6 LB Bag;154;80;160
B01553K420;Runts Candy Bulk By Wonka 7lb;99;90;100
B015IK012I;KIND Breakfast Bar Peanut Butter - 4 CT;64;40;170
B015Q9YLQI;Stem Ginger in Syrup Waitrose 350g;131;60;160
B015QEWY0S;Preserved Lemons By Zamouri Spices;109;40;110
B015SAX8ZA;Sukrin Fiber Syrup Gold;45;40;90
B015YP1180;Bigelow Vanilla Chai Tea Kcups 24ct;81;70;90
B015YP0HZS;Cafe Bustelo Espresso K-cups 96ct;92;60;110
B015YP0FG4;Tully's Italian Roast K-Cups 96ct Bold;120;50;130
B016CSVGVU;Goetze's Caramel Creams, 5 LB Bulk Candy;98;80;150
B016EMS8G0;Namaste Foods Xanthan Gum, 8 Ounce;114;40;200
B016EMS7TS;Namaste Foods Rice Milk Powder, 14 Ounce;121;60;130
B016L0VRMM;Mad Dog 357 Gold Edition Hot Sauce, 5oz;71;50;110
B016TVDWWQ;Kodiak Cakes Minute Muffins, 2oz;152;50;170
B016V89NWK;Bushwick Kitchen Trees Knees Spicy Maple;80;50;170
B016V9W6QE;Follow Your Heart Egg Vegan, 4 oz;92;80;100
B0170B2Z9A;Walkers Quavers Cheese 22 Pack;97;50;200
B0170BLY9M;McVitie's Jaffa Cakes Triple Pack;96;40;100
B0170DUPD6;Belazu Rose Harissa 170g;170;60;110
B017281FCE;(10 Lbs) Thai Sticky Rice (Sweet Rice);59;50;200
B0178S8Z1W;Chocolate Cinnamon Bears 14 Oz;104;50;160
B017E46HF6;Graviola (Sour Sop) 24 Tea Bags;51;50;80
B017JDVPYA;French's Crispy Jalapenos, 20 oz;76;50;130
B017WUNPK2;Chocolate Cinnamon Bears 14 Oz (2 PACK);114;70;140
B0182NIJY0;Domino Sugar Packets .10 Oz, 100 count;153;70;170
B018DPSH1C;Dubble Bubble Gumballs, 20oz Carton (1);112;60;200
B018KQX36I;Crisco Frying Oil Blend, 1 Gallon;85;80;90
B018MCZBCY;MOJO Pure Coconut Water (Pack of 12);95;60;160
B018OOP0X0;NOW Organic Sesame Seed Oil,8-Ounce;107;70;130
B018W9O4HK;Sahadi Aleppo Pepper - 7 ounce;103;70;150
B0192DVZH2;Meat Church Holy Cow Rub 10.5oz;118;40;130
B0192DW0OY;Meat Church Honey Hog Rub 12oz.;124;110;160
B019VPL9OK;Asian Best Jasmine Rice, 5 Pound;187;70;190
B019WCXT4U;Carbquik Baking Mix 9lbs, 3 Pack;110;60;190
B019Z9651Y;Honey Nut Cheerios Cereal, 21.6 oz;78;20;150
B01AB4QHL0;Duchess Honey Buns 18 Count, 3 oz. each;31;20;90
B01AMBNIF0;Safcider Cider Yeast, 5G;104;60;110
B01AMDPI0Q;Nu Silver Luster Dust, 4 gram container;77;50;130
B01AMDRA5W;Gold Highlighter Dust, 6 gram container;130;80;150
B01AMDP59K;Super Gold Luster Dust, 4 gram container;98;40;130
B01AR42VFU;Wise Green Onion Dip Mix 10 Pk;50;40;80
B01B4ZE2IU;Nutiva Refined Coconut Oil - Gallon;111;50;130
B01B6NBF9E;1 LB WILLY WONKA RUNTS FRUIT HARD CANDY;106;30;130
B01B8V7B1K;Epic Animal Oil, Pork Lard, 11 oz;88;80;150
B01BD0R1U2;8 PACKS CANDY CIGARETTES;103;80;160
B01BFQYBFC;Raw Shelled Filberts Hazelnuts (2 lb);185;60;200
B01BH8S92E;16 Oz Premium Ground Coriander Powder;119;50;130
B01BRTBTFC;Bit-O-Honey Candy, 4 LB Bulk;87;70;120
B01BULR2HG;Red Boat Kosher Fish Sauce, 250 ml;114;90;120
B01C4TRTTY;Sahadi Urfa Biber Pepper - 6.5 ounce;71;40;160
B01C7G00TA;Realemon 100% Real Lemon Juice, 1 Gallon;69;60;90
B01C8G34MY;Pick Up Stix Gift Card;98;80;140
B01CAPGJ8O;Dum Dums Heart Pops 30ct;89;80;100
B01CDQ4SXI;Gran Mitla Sal de Gusano 50 Gram Jar;108;80;130
B01CHZHX2S;Morinaga Hi-chew - 8Flavor pack;118;40;160
B01CI3TDFO;Lake Shore Bulk Honey, 5 Lb;61;40;70
B01CIIX8QO;Healthworks Cacao Butter Organic, 2lb;78;70;90
B01CIW4ELI;RISHI Organic Turmeric Ginger, 1 Pound;92;80;140
B01CUR4696;CHIMANGO Chili Mango Slices (24 oz);106;40;180
B01CVBJZV0;Illy Coffee K-Cup Dark Roast (Pack of 2);84;60;110
B01D5NHV7S;Fresh Ginger 2 lbs. Save Money.;63;50;150
B01D6D6AVK;Belazu Rose Harissa 170g;98;90;100
B01DEDHE0S;Divina Fig Spread, 9 Oz.;79;50;100
B01DJD3QC8;Milkless Vegan Chocolate Bars (3 Pack);116;80;160
B01DP9BX0I;PEPPADEW Sweet Piquant Peppers, 14 Ounce;80;50;170
B01DYRXRFU;Giant Gummy Hot Dog (7oz);68;60;70
B01E0D73HK;Toe of Satan Hot Lollipop;121;60;140
B01E63V7T4;Splenda Zero Liquid Sweetener, 1.68oz;121;80;140
B01E6OLE64;Watkins Food Coloring;78;40;100
B01E99O6F2;Flamingo Swirl Lollipops - 12 ct;58;50;60
B01EB1RXVW;Dried Porcini Mushrooms 2 Ounce;84;80;90
B01EB1ZYCM;Dried Organic Porcini Mushrooms 2 Ounce;50;40;210
B01ED2HI5A;Tony Chachere's Creole Seasoning 32oz;22;20;110
B01EJPO6S8;Sweet'N Low (1,500 packets);78;60;90
B01ERWX5BC;Bittermilk No 1 Cocktail Mixer;96;90;140
B01EVXBLAE;Manischewitz Soup Mix Split Pea (4 Pack);91;50;130
B01EY6Y3TO;Taco Bell Diablo Sauce, 7.5 oz;104;60;120
B01F2326CE;Godiva Godiva 27 Pc Box, 11.75 Ounce;88;70;90
B01F2PKK8E;True Lime Shaker (2pk);128;70;140
B01F3UJ1ZG;Stevia in the Raw Packets (500 Count);160;70;90
B01F6952VG;Lance Peanut Bar 2.2 OZ 21 Count;123;40;180
B01FCVTWZU;Nut Harvest,1.75 Oz ( Pack of 16);58;50;70
B01FGH4XI6;Argo Baking Powder - 12 oz, Pack of 2;95;60;150
B01FRQ5DV2;Swerve Sweetener, Confectioners, 12 oz;1040;470;570
B01FRQ5D4Y;Swerve Sweetener, Granular, 12 Ounce;580;260;320
B01FULE4G4;Hot Tamales Fierce Cinnamon, 10 oz;65;60;140
B01G2AJEKI;Yorkshire Decaf Teabags 160 per pack;75;50;110
B01G3HQRFA;Original Hula Hoops 24g x - 14 per pack;99;60;100
B01G7JU4TE;Regan's Orange Bitters No. 6, 10 Ounces;74;60;190
B01GGVUCMW;Dukes Sausages Smoked Original;140;80;160
B01GMVHMME;Domino Sugar Packets, 200 Count;152;70;160
B01GN3F3ZO;OIL, SESAME, KADOYA, SYSCO, 1-56OZ;66;60;70
B01GQHNDFE;Tootsie Roll Pops Assorted 3 Lbs;47;40;50
B01GZBV3YY;Orblue Syrup Pump, 750 ml, 6-pack;76;60;150
B01GZZ2BK0;2 Gringos Chupacabra Meat Rub 12 Ounce;26;20;190
B01H1UYWPK;Great Bazaar Swad Peanut Oil, 32 Ounce;123;80;160
B01H2EE9X0;Gift Care Package - Essential Hangry Kit;77;70;120
B01HFIIEVQ;Gatorade Squeeze Bottle, 20 oz (3 Pack);124;50;140
